Country_ISO3,1960,1961,1962,1963,1964,1965,1966,1967,1968,1969,1970,1971,1972,1973,1974,1975,1976,1977,1978,1979,1980,1981,1982,1983,1984,1985,1986,1987,1988,1989,1990,1991,1992,1993,1994,1995,1996,1997,1998,1999,2000,2001,2002,2003,2004,2005,2006,2007,2008,2009,2010,2011,2012,2013,2014,2015,2016,2017,2018,2019,2020,2021,2022,2023
ABW,,,,,,,,,,,,,,,,,,,,,,,,,,,6767.55922942669,8244.04566011433,10056.2613927414,11507.2171509849,12187.5363611898,13233.9905169683,13892.6051427736,14700.9598081521,16055.2877874337,16548.7173868987,16620.9545555513,17750.0095644198,18828.0870594071,19216.1972354472,20681.0230269625,20740.1325828172,21307.2482505267,21949.4859960868,23700.6319899197,24171.8371325422,24845.65848362,26736.3089444046,28171.9094008501,25134.7712303589,24093.1401510626,25712.3843015186,25119.6655449838,25813.5767274227,26129.8390617693,27458.2253310273,27441.5296617282,28440.051963759,30082.1276448186,31096.2050738676,22855.9323200761,27200.0610793969,30559.5335346581,33984.7906198041
AFG,,,,,,,,,,,,,,,,,,,,,,,,,,,,,,,,,,,,,,,,,174.930991430166,138.706821676113,178.954088379235,198.871115728727,221.763653873013,254.184249149336,274.218553561575,376.223152003876,381.73323802844,452.053705477043,560.621505463146,606.694676337726,651.417134470046,637.087099117099,625.054941813938,565.569730408751,522.082215583898,525.469770891619,491.337221382603,496.6025042585,510.787063366811,356.496214115892,357.261152798144,415.707417059086
AGO,,,,,,,,,,,,,,,,,,,,,729.111965489822,657.982648547398,634.221467312782,636.83281102292,650.491094413218,772.468832586265,697.526602399253,770.10114008645,807.43962838624,907.747893072936,965.866840464665,881.919488130062,668.706017459877,449.727894936295,334.973590276074,404.29481849612,531.11713680614,521.702725075533,429.188654099367,392.725539027496,563.733795571487,533.586202412447,882.147847234303,992.698979254665,1266.21086410236,1916.46842218625,2617.05196022633,3141.0459797605,4103.0669003635,3136.64546955947,3597.34293216332,4615.91059831778,5086.02740086376,5057.74787833163,5005.9997412707,3213.90261080059,1807.95294072643,2437.25971190821,2538.59139143371,2189.85571407618,1449.92286669308,1925.87466082167,2929.69445467272,2308.15976731274
ALB,,,,,,,,,,,,,,,,,,,,,590.607738430529,663.2942082544,668.454504242454,661.546782448624,639.484730161417,639.865903755552,693.873474633887,674.793383069492,652.774321396566,697.995596576519,617.230435515505,336.586994504629,200.852219772323,367.279225077581,586.416135130865,750.604449178826,1009.97711053398,717.380047745673,813.789396580449,1033.24253162418,1126.68334010717,1281.6598256178,1425.12421860142,1846.12012081207,2373.58129170055,2673.78781583529,2972.74362094736,3595.03829536404,4370.53971639449,4114.13403283023,4094.34968570481,4437.14116097061,4247.63134315945,4413.06338346821,4578.63320812155,3952.80357364813,4124.05538986272,4531.03220675893,5365.48934672897,5460.42823730592,5370.77862312929,6413.28328605026,6846.42614266044,8575.17113446213
AND,,,,,,,,,,,3935.41127779609,4169.69537103885,4940.29696239207,6151.02717030722,7139.5745119838,7925.41577090452,7721.28858646797,8167.92286159334,9409.50851272793,11996.4072860354,12474.9252919904,10465.2604643624,9697.52201994133,8082.09152017435,7808.13002713549,7911.98436223964,10539.1177869653,12828.1519430152,14599.0355178798,15714.9265516576,19563.6574722488,19533.2620668023,20099.5352208543,15916.8395162087,15748.5307503373,18443.2545197741,19130.1597151312,18247.9995651361,18536.5084282698,18875.2883698571,21810.2487431414,23511.2951475737,26528.130158144,34063.5784034776,39021.1278101878,40829.801876968,43467.2109930745,48336.2283329823,49132.515707808,43975.0183668093,42746.8309526019,46657.1561173756,41500.5435791686,42470.3161159692,44369.659691379,38654.9347203095,40129.8192007698,40672.9943348258,42819.7745797624,41257.8045846483,37361.0900666982,42425.6996756291,42414.0590092117,46812.4484486309
ARG,,,1160.30659798113,852.972425139433,1176.20086190313,1281.83337976859,1275.07843418966,1063.93283833587,1141.95211617341,1329.56181832409,1322.71454216808,1372.50746646061,1409.37097316211,2097.89945010806,2844.96990526761,2026.68435752865,1946.91990388248,2126.48546048047,3282.06304446289,2511.97332905958,2747.5022751674,2764.08641421079,2914.76708504176,3537.7473459832,3915.03492645691,2905.77565536137,3436.07819471053,3477.30131979313,3992.70330179156,2374.57321551641,4315.33329358672,5709.24784079504,6789.99611136495,6931.85596375876,7437.56242327594,7357.6162773788,7663.21271287469,8146.78710021431,8218.99212764682,7705.54288252851,7637.01489203628,7141.47507662826,2569.69963519124,3320.47775133903,4242.02099089422,5067.65342293276,5869.38028970204,7185.25155147027,8944.1102657357,8150.23527028221,10260.1313108254,12704.2831819684,12949.717486654,12963.675773326,12233.1444119186,13679.6264980954,12699.9623137756,14532.5009308511,11752.7998922979,9955.97478680428,8535.59938004389,10738.0179223384,13935.6811110049,14187.4827252965
ARM,,,,,,,,,,,,,,,,,,,,,,,,,,,,,,,635.355327502517,572.740260900977,356.350780006933,347.870644720878,390.879964297655,443.924860857976,487.068624404558,505.035887057966,590.239947333459,582.669886150895,593.450581742282,659.588988535629,742.651118319819,882.030167695474,1130.08791444158,1557.48458908655,2041.65267068997,2962.70234594569,3777.66859313767,2820.5926553347,3041.34450723339,3349.55309771906,3511.56399687426,3680.16692158886,3852.11800610384,3512.39350276709,3524.42476874707,3869.05373867752,4196.00562301769,4597.22887399548,4268.68093304583,4685.17997128509,6571.97445545099,8053.01066312345
ASM,,,,,,,,,,,,,,,,,,,,,,,,,,,,,,,,,,,,,,,,,,,8972.69636535698,9197.66196836987,8958.42866697173,8831.26975996609,8745.16621137404,9231.37240924563,10030.8089130902,12156.0293905777,10375.1720141957,10383.459331451,11745.4899153958,11813.5022034589,12026.3344929488,12727.4102651386,12843.3342903627,11863.6839452565,12552.0546868861,12886.1359517218,14489.2586563775,15236.1604875571,18017.4589383973,
ATG,,,,,,,,,,,,,,,,,,1213.49623087746,1374.70460247561,1704.96911947576,2052.93104863734,2310.02517247008,2568.8959778641,2846.70816749543,3270.43852829125,3813.91284303455,4629.05341086933,5423.96304289151,6465.80755503629,7187.49543068532,7590.34333226449,7956.0068690332,8153.27780423116,8624.16840735715,9351.04426569501,9033.93237640697,9755.66153983668,10335.8421543438,10906.5205071392,11341.9327072844,12021.463208189,11535.7742945854,11657.3487497259,12171.3773760407,13036.0075900543,14366.2912765172,16172.2513541282,18203.5151277783,18785.4682161899,16471.3678310675,15216.3098400792,14841.9709613705,15208.6569723517,15050.7122765935,15533.4831254394,16080.6580495873,16557.843174789,16924.7894487758,18273.4270684912,18884.3729680383,15360.4544160475,17340.3790692554,20117.7653310355,21787.1017315914
AUS,1810.7064295701,1877.70706376424,1854.74615414162,1967.21127365791,2131.38029982805,2281.11030526567,2343.9159187567,2580.11059164641,2724.1306715175,2991.47727876684,3304.92736975744,3495.2282008845,3949.46164337606,4770.81017208508,6482.93848103472,7003.84247098582,7486.6826042084,7775.65846867125,8252.73445733837,9294.51578251874,10208.8036844943,11853.6694186454,12779.1459164023,11515.7445121041,12421.8807735017,11441.5819707185,11392.0043948477,11651.3301169821,14284.960791833,17834.4526910252,18249.3014538169,18859.9074576986,18624.1877335866,17699.8764915704,18129.6353064456,20448.1219685874,22021.7839065228,23646.6230457327,21479.1142020092,20712.6697805564,21870.4159669594,19695.7297379144,20301.8431713256,23718.1338501868,30836.7306824685,34479.7679298388,36595.7071548423,41051.6120652288,49701.2817843335,42816.5674002829,52144.6654705468,62605.600458306,68072.8732340801,68190.7010035651,62544.0873773726,56739.0265346593,49888.0410842736,53901.7145392154,57196.4220783778,54972.7017885437,51791.540179984,60607.7788605166,64997.0136536475,64820.9117890026
AUT,939.914814681174,1036.72820436083,1093.01419061569,1172.55744626178,1275.45715281679,1381.07725824421,1494.04911382106,1577.14147705169,1685.66211669148,1834.0780781796,2050.7051537705,2371.65247955003,2912.59577111524,3875.48305618551,4612.61920779656,5264.91772004051,5656.1451383787,6783.95142193665,8173.32926347245,9755.4044562579,10826.9718274995,9348.48832395232,9373.48820626125,9500.05070417494,8955.84829191534,9136.17092559695,13031.8281010744,16328.5613047296,17509.7658683817,17400.5226619741,21596.068219998,22323.1312492943,24782.7118767063,23987.2037240657,25546.2460525087,30207.0674314652,29645.9451251491,26571.7523626508,27212.4642905708,27078.7081612201,24487.2974685956,24430.495982841,26334.862215032,32110.1159661425,36614.2506533707,38157.37022862,40382.2078298575,46622.9622913635,51581.3982361071,47857.4446635266,46611.1393420232,51116.8953522042,48250.4059142637,50305.3545774973,51314.9722616322,43915.228020857,45061.4993920192,47163.7425775142,51194.0749841299,49885.9947355204,48716.4098900349,53648.7190742245,52176.6649141178,56033.573792065
AZE,,,,,,,,,,,,,,,,,,,,,,,,,,,,,,,1238.27189274842,734.944232805688,60.2351205405972,209.530954548425,157.063549947072,314.55801908334,409.185543774103,505.516204188336,561.906807871869,573.893528734031,655.097249579917,703.670998584686,763.108895463487,883.692580745256,1045.0136328106,1578.36733030667,2472.95725732287,3851.33015175141,5574.46810432575,4950.39949009423,5843.5337683582,7189.81869211976,7495.86527658099,7875.34536661549,7890.84028062087,5500.50364628486,3880.6852276838,4147.1981423222,4739.7943123408,4805.75371765917,4229.91064904503,5408.04535175023,7770.594223351,7125.90858368611
BDI,70.9050999609733,71.6019298664571,73.419597905038,78.3711982466082,85.3337285829414,50.6133039572301,51.4128737660108,54.0181424731994,54.1949782133959,55.0588388481978,68.7543539111434,69.8982816919288,68.2321917909931,84.2581065778058,93.2240048340913,110.884827490053,115.492131774523,137.448044387076,148.823232512919,186.152273604962,209.805736668168,212.23033189707,216.43619143507,225.209524508283,200.375711827241,228.440542564696,234.281244809988,215.608311467483,201.740400815807,203.578944192449,202.629446176297,204.668258398817,184.868970456447,165.344120319403,161.892584261635,164.915311679326,143.156741187159,160.278342046962,144.456948255536,127.51419578119,134.537861752389,132.159554541932,120.952308575468,111.406682804391,125.194965184533,147.234619294225,161.892755640319,166.162744906755,189.502074570768,199.097633037708,216.727705301976,230.070577369084,231.688496393569,234.843045388828,250.540481111877,280.966831311923,235.286205393908,236.694472592753,224.89939239264,210.236494521532,210.008139902508,214.091455416133,250.634225368744,193.007145564804
BEL,1290.28607216192,1367.78885228138,1457.26516998378,1555.02293182578,1724.01894179056,1859.50998671639,1983.13119821777,2113.82194132888,2251.31575906782,2490.1071730838,2765.89099664794,3082.92798879126,3831.63189999433,4900.96220075866,5733.79813933878,6701.37736052433,7243.04734119583,8426.94695947372,10289.7684173296,11810.6158754725,12864.0025661396,10622.8024830789,9343.86109959618,8846.23429846974,8457.26880316374,8750.81851250536,12170.0406962702,15135.8523116968,16391.093827791,16525.0617432848,20600.3752789827,21041.6606519648,23372.619171015,22283.9360213551,24208.5547931447,28413.8264387368,27489.5551770488,24820.9380503896,25338.4432934904,25252.8019066564,23098.8865077401,23015.0712632462,25006.191397109,30655.2092679024,35429.4077933344,36809.7013403619,38705.1067959147,44319.165448813,48303.397956286,44923.3400135081,44197.393671162,47760.8298776546,44874.1709182123,46964.5946777056,47995.7786961339,40893.804537772,41854.5498296444,44035.3239358548,47487.2100392561,46716.6227467964,45906.2875805246,51655.7883303715,50807.2047084918,54700.9093236712
BEN,89.8569246539715,92.085848129765,90.7738610077473,95.7167369761973,99.7850246017255,105.117986938927,107.637211853532,106.58624185995,111.211494175445,110.314794748212,108.848779482547,106.889292742067,127.927157014331,153.609468135703,164.946594142916,196.455786019338,197.726361142541,207.012962247396,249.802926180538,310.651387084352,358.003054209903,319.718185970269,305.0040635075,255.983601560726,238.574457355381,230.434117218913,285.771551064424,324.253765166191,326.179757700303,293.321949550953,371.101604332357,364.689296016645,301.77329696287,387.310054813122,262.129807445074,348.435238914394,369.394384135736,344.550491498963,361.601983057505,525.130597245974,487.424141384242,492.401499509072,546.463829658159,676.002878084282,758.695803786371,779.437777753268,809.147072506221,912.338247188342,1060.60254502099,1024.10277858112,973.244254493089,1059.41358915783,1071.52583567484,1168.92699314206,1204.39918700511,1002.41886882564,1010.53389609187,1054.97408141687,1151.74096952152,1130.82135304977,1197.50136428063,1318.83497843483,1264.70765976655,1394.37330217623
BFA,69.1502456087615,72.2423787062462,77.1529279288175,78.9087736712073,80.9147887718582,82.0746159924647,82.8360664864243,84.6272011419546,84.9737848392287,86.7555395725224,81.707563219742,84.5149375676447,99.6335814933813,114.137669473515,124.671435503255,152.901529606747,155.485422740659,175.963864454284,223.879111971163,258.501729034845,277.597531370181,248.707973908892,239.019483569339,211.925740542196,187.832224278391,194.063226299244,247.459134637104,280.218092226592,301.129214663833,293.188703727147,338.593759055128,333.70605512636,348.592443894547,324.111576707435,187.21142372606,229.092294496817,242.733171352672,223.853958525611,249.53173292493,292.836958697313,248.908526921752,259.485223380436,285.654087637533,362.373899996953,403.81283743461,441.164148016012,455.513655620024,514.684451177238,619.437533256264,601.569520671859,624.957252224766,725.024767725475,731.470138867833,759.762065168498,764.861675106225,630.124750752312,663.742364842886,709.091535894695,777.465618514048,764.853077774946,825.237038782475,895.535288442991,836.118304593682,882.689810086163
BGD,82.4812774116354,90.3685786294248,92.5894211769315,94.1423742967849,92.5782977938389,98.6041470420746,104.42205467886,114.209881696109,114.414967470375,125.880311698198,130.218160844955,124.533963099152,87.773765191476,109.691726756912,164.986393602814,249.804254016022,126.693044204437,117.887771379224,158.324255152285,181.130706703135,206.075714312155,224.241392391192,199.595944646851,184.70677287459,193.435020976238,222.22018039634,212.14899385306,231.499584520483,247.901465967332,263.005720827547,283.053737055234,272.064948495878,273.465072520272,280.757274450366,280.603031791216,309.458680823367,371.917937677345,379.284917709635,385.616881752796,388.095684268235,396.670730249751,394.65641001891,393.886422327628,426.74880754362,455.614016909798,480.08585075452,490.388026533289,537.955492792911,613.06204104124,679.211477428056,757.385280361508,837.336944695647,859.680536375497,958.262989798283,1094.46199702838,1224.38647668165,1649.28380858601,1811.08221668646,1965.24372731467,2129.79896954606,2248.85078828233,2482.84917843357,2716.48592677835,2551.01772674142
BGR,,,,,,,,,,,,,,,,,,,,,2238.80295786574,2234.81481573125,2169.00401089683,1852.81343442802,1963.57267618274,1914.55064658793,2260.4272811545,3132.30136036246,2511.39306259489,2477.0208179596,2366.52982128614,1267.73437541485,1211.98087810931,1278.52511370319,1148.4943993817,2259.25922555221,1470.19259250682,1361.40938439884,1820.44866449942,1659.71861105493,1621.26210738992,1770.90704918691,2092.98288625558,2719.49436859287,3389.68743360274,3899.82596332878,4523.1465578805,5888.77685220636,7271.30338858025,6988.27316296465,6863.66706774052,7857.16706984441,7430.7373804242,7687.71368243317,7912.27484371138,7078.86032298969,7570.93165511708,8381.88134621669,9436.14479876055,9838.60058985384,10198.5388313404,12274.0775950496,13644.201582807,15885.5391311331
BHR,,,,,,,,,,,1741.82245407152,1829.74070543315,2205.917004377,2981.09253134976,3873.71629107511,3880.44047162927,5310.19132615533,6358.42084195442,6925.98893207436,7890.82982494874,9732.72587186027,10556.5091718735,10712.1529364009,10598.8427157127,10696.9331055208,9648.65643032674,7776.95657736318,8332.91425406054,8771.7853534009,8833.41134256929,9342.53891401688,10434.1323962786,10460.1583222808,11151.871495742,11629.3595219612,11900.9317778335,12091.7802188235,12254.6662583128,11625.0343768343,12123.3534715368,14214.4836839343,13573.2339887597,13501.4708801425,14486.0269029822,15963.9493171617,17966.1657837625,19267.282615072,20908.4042548073,23299.4992780392,19465.3140745038,21819.3291098099,25032.7867743333,26438.6733230428,26989.7601148469,26451.7965647453,23734.0551143019,23800.001440631,24784.7693514607,26324.4066549559,27259.7438599327,24342.8444554718,27147.8083882286,30616.2610677495,29218.8605634137
BHS,1459.25353894533,1555.04630358526,1651.21829486338,1759.23657675868,1883.44349106778,2029.52301550644,2239.23963996539,2452.74763198925,2668.01498039262,3026.72757204421,2916.49998378221,3004.34356612542,3013.95016704496,3341.2852169669,3079.74014083821,2840.58965343091,2993.45923795227,3253.37543404956,3720.04057901064,4994.08535249529,5742.58362505698,6028.80641044063,6559.46869259478,7081.38194836084,8201.70133768379,9167.14687502469,9600.599527833,10361.3488079104,10575.797153666,11291.4764472044,11473.3008389353,11082.3528573617,10873.4047501635,10613.0658785813,10991.2346674131,11374.6056703852,11783.797197226,20367.5732702056,21667.448821694,24041.0933188158,24940.0775086078,25371.9237667614,26781.6195938652,26429.1247787663,26650.2934234303,28602.4181869995,29184.7865087908,30051.8489587756,29392.3824416397,27512.9130950084,27473.100430502,27090.8376801379,28552.0242683151,27432.9534269421,28705.6170840548,30289.4022514831,30266.5859220987,31337.1832464755,32124.4051059669,32979.5401279534,25155.6725432789,28682.3270000732,33044.388209429,35896.50510715
BIH,,,,,,,,,,,,,,,,,,,,,,,,,,,,,,,1742.88262171767,1373.37104472973,1118.17569934079,929.872118717018,337.090896023259,502.365980975339,718.933797141505,913.813399054859,1006.70479669823,1134.60298042083,1338.48059636261,1387.89365131544,1606.54672243362,2033.94700935864,2452.68616839392,2739.61076866057,3166.12865344833,3931.48948737505,4841.69311934649,4539.91863774968,4506.47828548389,4982.69375768263,4693.78899115381,5034.56616016469,5206.06558252,4662.25883724069,4928.5665251728,5345.01985489192,6047.84584261133,6122.3753450882,6130.31133245161,7295.3438240957,7655.59421024383,8638.66620201187
BLR,,,,,,,,,,,,,,,,,,,,,,,,,,,,,,,1706.64091882343,1805.45592531527,1658.08641281239,1589.51011343649,1460.00791360458,1370.69991385664,1452.5071047646,1396.6571872706,1511.25979105507,1210.5874393672,1276.28038121269,1244.37318523431,1479.38066337175,1819.52653114699,2378.33700470129,3126.07176665248,3848.22350300163,4735.48107556066,6376.17569162063,5352.48809190697,6034.67885177216,6527.6593428786,6953.21591683101,7998.0802045456,8341.29014337961,5967.06856034227,5039.77560949445,5785.53397723676,6360.05310087258,6837.76832136779,6542.8645398436,7489.71894713888,7994.64806074889,7829.05313660622
BLZ,307.414508338751,320.029476728041,331.704794335727,341.932583787017,356.235408350011,383.186435252354,411.933019943696,426.264071353746,392.282566057727,401.557990513297,441.7894689257,481.04464147376,529.356647508447,618.567502314442,804.777863602367,906.486277401685,729.488780751524,865.792901454885,982.604370174389,1071.443696269,1774.4136989701,1752.51703789335,1629.32322940976,1677.25548155115,1814.18859813551,1754.01108696183,1859.10214020555,2165.89431416265,2405.81116565818,2741.93638439592,2988.64952260263,3192.36526946108,3645.61243670903,3862.7104904003,3879.01374706801,4012.07959009728,4045.69445104845,4016.62941603892,4127.93718607471,4291.83168210625,4729.67080428075,4721.81625660785,4861.74314184267,4962.08962013799,5156.09817143194,5272.74417207961,5527.16775856439,5765.28199932455,5713.28126796797,5401.22963143045,5451.13897172477,5582.22170621269,5709.68918765363,5950.20299917747,6128.14288539305,6154.49593498217,6142.49873185177,6072.58267640581,6031.28139580144,6190.04792278445,5227.19363786168,6122.61158580079,7068.45478269722,7459.99815132837
BMU,1715.31463229719,1773.99531572479,1824.18228260132,1821.79091310101,1986.64081017022,2064.85324792988,2369.47294680018,2722.46233388537,2975.95428934212,3214.04903909874,3574.16928861945,4012.77396544186,4458.08003333144,5090.09179163676,5891.88781664656,6493.6287150144,7259.91355008457,8383.03139417126,8904.94282345455,9664.21884634789,11426.6012333948,13687.7980628553,14442.7902256054,16236.741698158,17866.9174355163,18713.8825139071,20996.9767217163,23042.7435883764,24958.1127004004,26282.6240963434,27665.525808301,28195.7091611479,28761.9634632835,30950.0799102285,31543.0634861641,34115.3445553204,45063.6149332085,48736.6768034299,51629.2814855126,54388.3417315621,56542.9569455727,59490.2452034202,63358.5658652763,67106.8028083224,71692.1589001679,77628.103522508,97781.4558996721,107395.651483891,110268.562401264,104711.712420357,104111.824244802,99049.0169927667,100213.493385287,101704.40746217,100961.576602811,104855.366822135,108747.356144305,112339.425587467,113204.82210838,115798.040775578,106973.175732348,112712.025120653,120897.311155385,125841.602522489
BOL,100.815082854737,107.443477717784,115.079059551545,121.353276906598,133.876179179232,145.58711267745,157.754997559262,174.31274303611,193.51655736171,205.054759498469,219.353189499224,231.058296704132,267.89413451881,257.341859802045,418.379384665927,468.298148198972,519.994688476886,600.288223118602,683.142437042195,801.033733989315,772.779523867405,981.381288967307,930.593009773204,880.46117954446,982.081210248484,838.080051738814,604.257338303133,649.708769442851,672.607172751221,675.469993900788,682.67681029538,733.935487602519,759.57113496365,756.637016048451,774.035669644318,852.754034861444,922.113259069714,970.351843368594,1022.14506519545,979.344494964572,975.777060358751,930.168227214313,888.221328974352,893.013760211149,953.191893246277,1020.12326200737,1202.71150446327,1354.54905949929,1692.67248455876,1731.18172112209,1929.78373077158,2315.52121930607,2575.59857098084,2870.02377000756,3041.43503118107,2996.01289804214,3035.8734778704,3306.30301176558,3500.72642189371,3503.8960106182,3099.94219044572,3384.84486479247,3643.92826968677,3686.27996490544
BRA,235.266009502589,231.564063269854,250.200572910273,294.169619376733,257.259726897671,268.028760553723,328.343791519407,351.472600370379,373.925432639683,399.49841913391,443.799484982738,500.001988983361,583.492034946156,814.731780553415,1044.76980947499,1200.55823714607,1389.74952306555,1562.29143045708,1732.50012204556,1869.7133759549,1958.57159232662,2079.70908377484,2137.6250359394,1461.25582714178,1419.73154606978,1556.1297180511,1854.03775211919,2006.00226235757,2140.65027561164,2818.99277980122,3117.73534721624,2257.6092968885,2127.31642731638,2348.88247685352,3298.71250747787,4756.74840785403,5179.13052002464,5299.39630404412,5105.89099544117,3493.57162513699,3766.54811466032,3176.28935747524,2855.94018885769,3090.6070097455,3663.823188064,4827.78173052472,5934.1447107274,7409.69130727951,8908.33176567294,8678.65922498836,11403.2821284616,13396.6243566047,12521.7213530369,12458.891214816,12274.9939689363,8936.19661756825,8836.28652636996,10080.5092817775,9300.66164936497,9029.83326742175,7074.19378281866,7972.53665048385,9281.33334441234,10294.866680778
BRB,346.575456648924,366.135498932152,377.438456208614,420.504389363287,413.625431992887,433.228679580703,462.028452362603,508.128570592714,505.889066146294,566.833205048027,666.475008721385,749.801293322509,856.072102177747,1041.72980875599,1243.3542287421,1601.18883256516,1733.64540764741,1967.59344395667,2197.89906243719,2667.90751006045,4024.58856621204,4416.71519879857,4598.7626399513,4866.35999061756,5283.57944099441,5509.8746029115,6031.35860779383,6624.59939505809,7032.65370811416,7772.55022803365,7781.40573306125,7790.26229439159,7519.20143544898,7904.70762426389,8223.16681181719,8460.47380869104,9011.77884838722,9521.57127377123,10734.3637242884,11244.3087668392,11674.6736471764,11639.5160522054,11760.4524736133,12075.9587020649,12886.3665272467,14214.4202213572,15619.6005955511,17235.4396434785,17565.6929970592,16294.9099491834,18860.3833703309,19345.9953139542,19034.0708028512,19308.0091116993,19277.9423599235,18954.2913724506,19065.8069800213,19692.7606711615,20055.915870771,20583.7265786414,18347.1109131055,18696.7858952957,22164.0260273876,23804.0249914995
BRN,,,,,,1028.88450343084,1145.70592233266,1148.84303232869,1274.0903793851,1226.43698889034,1325.15598362979,1432.16600656705,1904.66760457331,2938.85095702716,15194.792305663,15793.1312553958,18671.3624129294,21746.8559126458,23446.5341231193,33501.2782714145,58005.3424763282,48793.4422577232,45074.5499241983,38720.0939254718,36061.3815259405,31827.4059557344,18500.5408625966,21029.7189772961,18824.7637309359,20090.0690184766,23658.7166330381,23932.1897530199,23450.8964414887,22397.073791312,22766.5871897245,26443.2564321071,25692.235637475,25522.3975481543,17769.2463626025,19752.2013169229,20130.2571493081,18287.8271687345,18621.2922677806,20677.9001224663,24423.0947731021,29386.2703597208,34674.7995990594,36217.3291010089,42156.5685216979,30946.4674272953,34937.5555174068,46382.8274456238,46968.5971144517,44003.0644293856,41026.508391054,30625.128732694,26663.2973199878,28024.3824618568,30988.1190497851,30426.5730284202,26834.3592463839,31006.9636220576,36632.9280421411,32962.9065121916
BTN,,,,,,,,,,,200.345229822469,207.666560128876,212.375150813633,230.90176999619,262.777366220031,237.350734416968,233.721532349196,249.935358333789,232.172369685589,251.378805345213,296.880510831581,310.77041169131,305.824658960335,328.204016909505,325.545257021725,321.186830951891,364.694569557154,449.060443850487,488.877757351253,461.654618792732,488.327431477129,400.634705187075,415.791522568451,407.39984249657,467.008312125283,530.103676927417,552.873891403681,630.447410148304,638.278962310609,685.419830628567,771.924911410619,812.238210772056,895.799489930972,1022.38240311018,1130.35934606796,1299.94938578359,1405.6071618158,1850.41570433398,1919.59774896395,1918.39599211093,2435.57980661188,2787.97967689425,2751.21288653263,2679.95217216983,2849.49998659935,2954.04081973327,3152.30905081592,3435.28804814561,3400.20417159422,3576.87987077877,3191.66907031782,3570.61257915864,3711.32767902157,
BWA,58.9180081084204,62.3224006926623,65.9864503023827,68.8864104749411,73.4925773235308,79.6790756588049,89.0615737768069,100.945124635152,113.445716733931,131.776574536345,163.031832252562,212.244206736036,264.233716807813,374.189409146144,446.487855432073,493.029472690457,490.469570533565,564.831748249189,695.219336897052,909.207133285411,1131.63379014463,1107.02810145663,1005.62456165727,1120.53239354023,1145.02903810762,993.616748339174,1199.84677856226,1638.82669390133,2140.51439180359,2427.68261967121,2903.15381562611,2938.59442659608,3004.61263362306,2929.43119022452,2917.25514197806,3156.18194514079,3156.26865681161,3194.18106145858,2981.19639702109,3339.99596033431,3450.81180622992,3206.07123689853,3117.25087183011,4230.12326909926,4956.69287735214,5391.07076619634,5291.58379144849,5529.12574632532,5503.07395314313,5082.93388332404,6215.73216077919,7287.38295334919,6595.53845015424,6666.91219583487,7122.36423421503,6141.20394726616,6749.05994339013,7104.96401088027,7407.95940141786,7172.08956480028,6323.31419156209,7808.20623956293,8329.04032229144,7820.23240375076
CAF,65.8829629770666,70.988125923024,70.404229268492,71.7551875686265,77.2050398029084,80.184506042463,82.3374694570342,83.562965105064,95.6398392122972,91.6587059467658,90.1578442993038,94.0721472956876,105.468061578138,121.824846111542,124.000349692552,163.644668287845,192.09699080748,213.785550996675,254.624087711594,289.118938225139,325.254770299088,280.343391789938,298.444544895201,259.588394525784,248.313551025498,332.515358450814,426.02699258009,449.952130096608,466.070596898859,443.226859814307,501.656200636394,464.828283626364,461.587303490896,404.954546941526,261.260397409459,333.145863233895,293.306575328658,265.5212823896,266.570544600384,267.995954011083,239.154133726071,237.951702544735,248.639290978403,278.403992150941,303.461321152782,311.950023138687,333.942519903031,380.887048839475,437.24827472489,456.471673898404,476.873786950728,534.057281471636,544.395849142785,364.36696260838,409.8504859647,366.322853938121,387.176203444318,432.324025684263,455.243962859534,449.228467602439,462.879071294011,492.263142830507,467.359825026238,495.978897153068
CAN,2264.94849658191,2246.08356619252,2274.4284708191,2380.31732899108,2561.63849088572,2777.18317301162,3055.28807884507,3226.38273682011,3473.23722551871,3776.15613110238,4135.82149842006,4535.39338907773,5106.73708049128,5858.33407318788,7056.70847496589,7536.52009823861,8838.94710677652,8949.10989272982,9154.43325277735,10077.5026707269,11208.2027394178,12379.0368643833,12527.3135323802,13477.1031699599,13930.4745502555,14170.1249406067,14521.1800806,16377.6902109541,19012.5723278349,20794.682233334,21525.8611387148,21846.7930471354,20950.3305287651,20186.7988782965,19997.6237373354,20679.634792669,21296.9723536904,21901.5628548392,21024.5850687045,22315.2466731545,24271.0020563821,23822.096210932,24256.0192337185,28301.8645937428,32145.5412620217,36383.6600068095,40504.0370977806,44660.0838892281,46710.2526864484,40874.8831932903,47560.6666009406,52223.8588398531,52670.3447335415,52638.1187235237,50960.8431174661,43594.1941045394,42314.0615817218,45129.628116623,46539.1761570405,46352.8693445211,43537.839298904,52496.8441693242,55509.393176404,53431.1857063879
CHL,504.087277008837,580.102457120073,662.73347569252,644.892060427145,674.490140027232,677.767796222752,780.096923247761,754.896175404019,755.892552845633,863.569490435561,928.775310571387,1086.55507372076,1163.07410294861,1627.25356654436,1542.92552707497,714.194623501213,953.901512286572,1268.96288328835,1431.3501384585,1922.97718901818,2523.05545631681,2954.93743393129,1648.01171225494,1693.14676684052,1611.41860036242,1429.38850950802,1501.09140673487,1739.67699102776,2003.36350407516,2265.35937681769,2466.13014237644,2770.07964567151,3309.39923858023,3494.9946093213,3981.39018913528,5055.61406223303,5333.50438724772,5741.95842991193,5419.82417295755,4933.55581516755,5052.99245768719,4563.5952986689,4430.84741157069,4773.40177520754,6120.59152052304,7480.3233099645,9318.65655299547,10346.4138184533,10683.2188772853,10098.8017166866,12632.8704725219,14487.3927827263,15241.9069977366,15683.54863663,14529.6767210362,13433.9202985339,13649.8520455553,14879.9086230423,15659.4808675628,14495.716721687,13114.815470545,16216.5706467899,15451.1319576678,17067.8136150601
CHN,89.5202142368479,75.8055607913604,70.9091524330558,74.3133717692149,85.4982425898924,98.4864176995115,104.32418478637,96.5891788251155,91.4723838962347,100.129537206454,113.162577847967,118.654144002222,131.885558530844,157.089110889702,160.147687922555,178.339614096146,165.404262395736,185.420537363904,156.396388520044,183.983152215978,194.804722186836,197.071474499102,203.334919503464,225.431928890812,250.713969046988,294.45884850496,281.928120911563,251.811956961329,283.537695240524,310.8819124049,317.884673040928,333.142145400184,366.460692306116,377.3898394789,473.489916407064,609.604337927454,709.415888233368,781.74256121344,828.594691043134,873.292336318005,959.360431369138,1053.11231442789,1148.51425710711,1288.63749134336,1508.66791560781,1753.41419160544,2099.2194300499,2693.95873160283,3468.32706307504,3832.2274569094,4550.47394356715,5614.38602225277,6300.58217951734,7020.3860742288,7636.07434020616,8016.44559489998,8094.39016735149,8817.04560829162,9905.40638304527,10143.8602206165,10408.7195541075,12617.5051041181,12662.5826712038,12614.0617416421
CIV,148.680788984181,162.262764436326,163.076679659123,185.076825958966,215.506240264261,207.044838566402,221.786392228948,225.620934131463,256.768714344803,262.192286003745,268.957733574566,280.333660150746,312.942348100524,405.568979472686,474.223861362208,574.626405877437,660.538618229175,855.655691363342,1039.11498268738,1157.00139805383,1237.80216768229,985.507547907408,849.479705391045,737.449968695419,708.940252199945,694.951691466923,877.154956751363,929.611362954514,909.534182158689,832.559837958259,885.647842214928,827.241889166985,844.902223806738,804.149657211252,581.888468577405,740.4730999133,1170.23622049666,1124.65674867927,1177.37133815342,1096.13520587572,936.636541348798,924.727294962066,967.815864415991,1111.17135087887,1199.82524528546,1197.74616979415,1230.43056838584,1367.53817722326,1583.97066701372,1540.45393569596,1553.54887048143,1596.62826565998,1546.9460184731,1786.15862031324,1991.36539423404,1814.71855088017,1862.59597081287,1964.29930338343,2130.86619381144,2141.76836170115,2179.72934832935,2455.98127641148,2308.70654660366,2530.84659301723
CMR,119.05394115577,124.593165563331,130.042569873656,131.642014675439,139.228109587718,142.704307565995,145.80598283154,156.621290691062,170.782666507465,175.150496434432,178.488982961305,186.724820408777,220.108720960652,271.757290053085,299.908339494791,386.236450275088,381.429915266252,435.408656274786,581.989336032215,718.356902030319,784.116227118122,749.847541304586,732.250719743892,745.513189491527,771.702146026357,875.337721693686,1178.59374950439,1258.31412766207,1145.16555992416,1000.89261316386,1086.71700937081,1014.82897292999,1005.44897647465,1309.93629975506,700.70950185009,832.006674487689,826.965322327363,783.251601945462,798.745621406677,796.262649784591,708.565731625965,715.470296470585,789.623811072554,988.241276791846,1133.39326749673,1142.62466252106,1191.45458990968,1325.67248215933,1492.14269801453,1461.38999232337,1398.58702025047,1513.96056994878,1449.09874362279,1575.92882118897,1649.4433905949,1415.00009710569,1441.7201725688,1496.08951771242,1610.69641591017,1555.22660476477,1555.60370660749,1672.32657340872,1604.87726954895,1736.86091073524
COD,220.074550221277,197.080395165053,235.127290601122,376.383370020937,169.949259765221,232.037397382746,252.770361839944,183.291086454789,205.645995783134,257.144636724402,242.219759763837,270.336629028245,290.511803326089,360.562591604638,428.074954493294,444.693899464352,408.42239095403,509.488368681423,615.084195317772,582.089432219357,538.911839414196,455.912227033575,481.7409782053,376.285479915589,259.801889543739,230.132255248427,250.900914044275,230.086415834499,257.725151748806,254.231037905154,254.872656292509,239.624772790716,209.188252592503,263.373274463976,136.542572473448,127.008078734668,127.416088396968,132.323561066627,131.461348425942,96.3192243479286,377.925421481395,142.678142604412,162.38052907429,161.491553524396,180.664764963633,203.561668860749,238.417639415512,267.88850879878,307.319638606745,280.798051526498,314.53858629844,364.714191777632,400.059901824342,431.191528160935,458.004541775676,467.9145805459,442.310472110228,436.584534687385,528.256019777898,557.044161335917,507.521230077872,558.034077296358,642.612265820033,627.502181690836
COG,124.659670363931,139.872074436703,149.591249938458,150.65075197733,158.061964516344,164.186892761636,177.551344246999,185.656603616519,190.84225732065,195.431023577377,196.7324156078,223.538723764898,276.271849546575,353.380993825585,369.945183927696,471.473628201515,452.578147155598,448.136782421875,502.704251443805,670.245223116511,932.646715470458,1066.18677734612,1130.97081000634,1075.34825792814,1097.04958637388,1049.31821372865,872.048697635314,1052.33893542503,984.376285838246,1032.8649749016,1175.66709098428,1112.53521242945,1164.22442980292,1034.37200809816,661.904273689712,769.606794842829,898.794050151577,804.304050086499,660.379775085784,776.416349733937,1024.30159109181,854.598314408095,905.538135544704,1016.82363412143,1306.10136324599,1799.05158366154,2103.5821381211,2206.47101863414,2832.09177777643,2271.15219175966,2946.55798067708,3396.16505817952,3732.32737320389,3697.41705884249,3601.2365808718,2439.35189403696,2093.10728558843,2211.63309874797,2694.43413191427,2488.42466724916,1993.586671931,2516.16255145432,2620.83804267402,2477.97845544866
COL,258.304433616071,282.099440509948,298.543861741321,282.588330302742,338.675935298365,317.064563351518,290.253385958132,302.832507824134,301.526502784249,317.868798055367,345.879101568471,366.825167940364,397.41211740514,462.064375734059,541.749901587091,561.098036100584,643.007914496566,798.203021638873,932.392695058624,1095.0313839164,1279.50116658241,1362.18332520058,1425.39936771371,1383.7924605368,1335.52821812362,1192.21877479377,1169.46212069392,1192.58828638182,1259.6174112078,1244.3269459081,1474.8455285342,1499.71104164399,1729.66397332384,1930.05976548029,2325.97557339326,2583.34991436018,2664.45625558215,2873.20018821653,2605.99938059023,2243.64204956242,2555.00751039968,2472.99084035833,2428.92969771584,2311.94218760291,2818.57195413044,3456.06610874512,3789.85361217027,4769.926147194,5541.83629665898,5250.97292433518,6398.2958447102,7400.9940695669,8108.59838244229,8279.10255642981,8187.20824890084,6248.51490534512,5959.84250367574,6479.53231292429,6816.96818309544,6472.54544924705,5339.68711357943,6222.62164397614,6674.59601948063,6947.35928681966
COM,,,,,,,,,,,,,,,,,,,,,628.383374399706,565.227707654068,515.230802468548,521.799388549863,489.086677515911,506.566456022193,699.186417360542,822.353267227469,845.413855955521,788.44239898138,966.320384629832,930.969561376057,983.392533644385,956.087575782514,662.023188719588,812.215996806703,793.524847160537,717.727664950347,716.432240082977,727.258360072926,655.007796688241,691.699908770798,762.116930318449,959.787894504834,1091.27216412426,1103.20658498402,1154.90422349749,1289.73631056361,1455.02768595586,1410.30516959473,1386.5742428453,1531.43789372951,1490.31511351281,1603.32797107303,1615.71723662012,1329.37048235986,1365.48403444497,1423.9248027797,1540.71132257526,1519.26386436068,1527.16991011916,1584.12450153608,1489.49566257969,1590.31237688317
CPV,,,,,,,,,,,,,,,,,,,,,439.982602420059,425.407688720331,422.664667963472,410.112646734121,385.451419954827,396.494191452033,541.142985647338,658.415191378217,729.470012847852,727.151685588784,817.442925539738,831.61388764249,907.847909529157,1220.04997868613,991.108974352157,1165.13832331934,1179.51522705182,1133.57422614008,1186.74294773086,1326.74466945164,1189.51479345891,1223.33055331575,1328.57874270666,1717.97565369655,1929.49081468781,2004.14680417563,2256.99666191075,3324.57675212498,3908.64885822576,3659.72046361628,3579.46006137809,4002.01386888785,3736.81517011087,3960.97596791345,3985.60706548134,3415.06266730931,3608.96606551232,3893.09572292025,4294.96510456428,4380.7811916403,3539.22662027109,3971.4440744985,4323.31362665974,4850.98415849643
CRI,382.309121831519,355.844447873806,335.221589042255,345.505369052711,353.710896791701,373.835690063441,395.15249847305,413.996506036274,444.805256869954,477.081346742249,535.539679724977,570.360229534426,638.851011611456,768.944717412776,817.076691410389,936.993196686988,1123.28179124262,1393.37513762224,1555.83716115258,1734.59560248294,2020.99067534283,1068.04672232202,1032.40548167496,1212.55765296791,1372.20149843952,1429.37836415122,1568.5640969552,1567.0320510901,1554.74048522018,1725.13936155907,1829.6687089559,2253.38191508071,2612.38756453737,2840.38706479397,3039.56328550633,3275.25256447416,3226.96395598625,3407.776128985,3617.45756666726,3690.96154778297,3812.75388284924,3985.12984506207,4067.71851429092,4173.14856415514,4431.0117207843,4703.00721784778,5256.59640859159,6137.71199925542,6937.24261596055,6832.69829924138,8265.78820275582,9276.39107511347,10126.9991024177,10803.2401962173,10911.497878334,11714.7105980732,12091.0301606154,12317.0902771304,12590.2493781614,12884.6859951989,12394.0493969492,12838.1185358931,13625.9008491328,16942.0268119375
CUB,,,,,,,,,,,645.144917797076,770.084969682323,891.631749208781,1079.13081526456,1216.74148211883,1374.2396398274,1440.73046137146,1472.37881716617,1837.39107006762,2005.91326318373,2030.93362280165,2045.85231227999,2113.80858874548,2222.48851241339,2386.44595066854,2256.56948668495,2364.89559789307,2439.58400332393,2632.04176839158,2565.54117909344,2694.31697957692,2268.83493247194,2047.67900346421,2063.20366253587,2613.28971869122,2785.24442954103,2282.18809324202,2306.42483397336,2332.30656133119,2561.77980406838,2751.3817714814,2842.96704310394,3005.21104247868,3202.78109865637,3399.21962893402,3786.33799225291,4329.98265964383,4807.43888960684,4986.12436479175,5089.23519757167,5272.26755824835,6104.46105236166,6470.83673392653,6828.36428245396,7146.70459051328,7727.91997207998,8110.55873961397,8610.60829531998,8911.46205964193,9232.26115935183,9605.26125067263,,,
CUW,,,,,,,,,,,,,,,,,,,,,,,,,,,,,,,,,,,,,,,,,15841.2612359949,16609.8454536485,16723.6925253468,16695.7351137757,16671.3403391655,17032.3356620744,17400.1637780186,18005.7165850772,19423.3352430175,19540.2476579348,19847.2310127979,19426.326382752,19809.8223198624,19721.2921646576,19623.029993395,19361.8130008678,18944.0961493998,18938.2440469703,19119.1243941688,19220.6866958303,16356.0933594414,17980.0888397547,20501.7522782219,22192.4453028535
CYM,,,,,,,,,,,,,,,,,,,,,,,,,,,,,,,,,,,,,,,,,,,,,,,87085.0937376216,89888.2618212462,89655.1196222184,81373.5711516642,76837.6699636672,75280.960764889,75101.59136128,75113.7332398618,75845.3060407986,76379.2095108681,77802.2541567187,80053.9444506891,83865.5531568184,88254.2903677044,82338.7982853661,86438.445257404,92202.1478031576,97749.5078960846
CYP,,,,,,,,,,,,,,,,976.329833984375,1157.41149902344,1476.24792480469,1929.40002441406,2559.2275390625,4232.02294921875,4033.24047851563,4122.78466796875,4091.04858398438,4258.74365234375,4488.287109375,5642.63134765625,6690.578125,7645.6298828125,8038.9140625,9641.5751953125,9696.099609375,11310.072265625,10526.1416015625,11617.6923828125,15261.4169921875,15139.220703125,14234.2412109375,15092.828125,15287.91796875,14388.3525390625,14821.44921875,16093.2158203125,20252.24609375,23792.619140625,24959.26171875,26729.28125,31244.87890625,35397.296875,32236.44921875,31105.02734375,32485.796875,28991.935546875,27797.45703125,27244.3515625,23487.228515625,24715.154296875,26696.990234375,29599.986328125,29703.052734375,28649.015625,33734.29296875,33938.9453125,36551.41796875
CZE,,,,,,,,,,,,,,,,,,,,,,,,,,,,,,,3969.36733543794,2917.08655474323,3396.70972430469,3984.1463439879,4663.28665345469,5865.29460556726,6573.19643136362,6069.38762357837,6526.59635780951,6377.6211077224,6062.92152842793,6669.07494847497,8101.26018588111,9852.45677945801,11782.5546676117,13442.4916284309,15259.0788162004,18452.6532812196,22774.7045076205,19817.4215836554,20160.4355077059,22049.1080788682,20014.0354015165,20260.4954999375,20038.4163180257,17931.5987670768,18753.9686718096,20913.197632212,23705.9329811299,24062.7190013343,23472.8915454417,27696.4619527544,28282.2236715857,31591.1770732969
DEU,1162.12266831735,1315.90787834504,1430.52095516263,1502.15452905146,1637.45522773672,1774.1986904555,1870.80540291774,1885.61596607874,2025.08159465853,2281.27598218229,2771.28310514754,3203.82884836051,3823.94032602696,5065.24523302283,5659.73787773336,6259.20744498342,6659.16546576017,7711.10232025365,9516.78283228907,11322.3543443813,12182.7800196802,10246.4767623188,9950.05926025365,9900.48559233526,9347.29068412377,9464.11694710857,13511.1520027486,16738.6132825523,17996.9783507619,17829.4609524705,22385.6778250275,23443.3350818536,26559.8543879632,25616.6508772405,27201.9593555204,31747.2449398447,30599.7891048363,27046.9565464237,27395.9440608051,26965.4922773722,23925.8559901991,23878.3641471651,25486.5942008748,30711.1022511331,34566.7359143735,35084.4363546269,36980.3349948954,42350.9217211489,46386.3295924799,42487.2137101496,42409.9356994694,47646.582043143,44735.5882319701,47220.0102098851,48971.0824722599,41911.0109851054,42961.0356905775,45526.5999576533,48874.8595028454,47623.8656074829,47379.765194548,52265.6541620571,49686.1154582583,54343.2265084958
DJI,,,,,,,,,,,,,,,,,,,,,,,,,,846.785538068015,,821.682570354282,816.874614065329,781.9168386713,780.497719360725,732.733101553782,763.659214503152,758.733842733535,784.556207408331,786.201866748458,761.943659476655,748.232840194914,735.349107889529,740.21930978973,737.612183644052,742.133791107063,743.013270420348,764.634465224597,806.261652944964,844.4483573908,898.464628136774,969.573220191902,1119.15233346969,1150.9375857489,1213.23352553429,1306.34552844977,1400.19357858954,2074.29668941495,2208.67810285113,2376.12554719873,2510.4300076241,2618.95521147369,2718.0853229414,2837.17103336917,2881.99924450145,3019.69343880209,3231.30015326477,3554.83918868372
DMA,,,,,,,,,,,,,,,,,,633.551741670682,785.575814800555,754.091460805232,996.191362332325,1124.97453088416,1231.66928057818,1363.43800844996,1514.89217748336,1665.53207185218,1892.86556477773,2138.30385149099,2423.32574317463,2639.0495483153,2892.9815966454,3171.36577815405,3376.26050139573,3536.15609185727,3805.20278759984,3951.72267086358,4210.99532034556,4372.19712966838,4664.24268142919,4817.18105502046,4867.39896323759,4981.89584851956,4873.64220013013,5009.57393166758,5348.94900144212,5299.49596350504,5671.77065738238,6120.44205374343,6654.49921411812,7102.02825967231,7171.5523885901,7255.67210585964,7031.39987118111,7147.61954093518,7395.30259658718,7679.83293618857,8278.44768597003,7614.34028048137,8137.56520624242,9009.09011545429,7461.77933220095,8262.65091316727,9085.67412772363,9832.99643050057
DNK,1389.0213943225,1530.53779004389,1711.2181376602,1807.25279179793,2049.39724281483,2284.22850484956,2487.13627144432,2700.74637883336,2776.13544525805,3151.13324311543,3464.45518278408,3845.59906810072,4653.95587889115,6116.89199229142,6763.86592918646,7988.15613263518,8773.3396162771,9769.57864283968,11817.6250875179,13757.2343740839,13822.1578405912,12000.2103769191,11740.2199128271,11796.5691955784,11516.6821578436,12212.7873997293,17136.6297376226,21295.6768566078,22524.5792595476,21882.1517463842,26885.6994188191,27002.8057705804,29579.4913648682,27581.7241097459,29967.8303903163,35321.0980773087,35621.9878051732,32779.879045297,33346.4884298957,33426.2381077405,30722.0251837567,30768.4775471112,33257.1622586509,40519.0974905924,46625.050098011,48925.8076698784,52119.1787984282,58631.6566433635,64616.6657583663,58412.7472358513,58104.5445594981,61809.737898222,58443.7747103968,61377.5940590412,62520.4509747011,53094.0133607574,54500.9260410217,57521.5514992225,61324.7665045565,59404.2663247723,60985.4885601514,69727.9873677012,68091.3191138669,68453.8769281145
DOM,205.731509857004,193.908988795022,236.814700040461,262.186358003136,277.29715816349,233.160574151022,250.876691518053,256.20659739416,259.574438400563,287.699305710615,337.668123719964,368.349647697268,427.224846368664,490.3154952703,595.356677805143,713.168169144024,762.778347016951,862.976049221109,868.397371769969,983.739706495351,1180.18089253045,1288.46563140235,1376.26820466534,1499.95575255789,1843.52460788928,784.488809604008,931.659530115685,868.087557831807,783.913142122635,954.914504449885,989.163941207659,1345.84673690623,1558.29782071075,1722.41995993981,1891.67055679,2109.16940728689,2270.86558687203,2448.89393535363,2607.85457321405,2620.8896817272,2831.45883638033,2935.89367312668,3065.60329524196,2383.26171780393,2451.69161616569,3878.31206735244,4055.14270347371,4649.64558875814,5026.84091100115,4977.79884445929,5484.64637931191,5834.70590719826,6025.72582713231,6149.02748927076,6512.50771431953,6819.93225155181,7174.82349574,7499.69286187019,7934.98141208525,8164.22080932117,7162.29175242114,8472.47982000992,10109.5234003521,10717.6276712204
DZA,238.392476666447,209.370672655334,169.60286272133,225.584660210993,238.863801545015,253.622059985778,241.44896961658,261.792442124002,292.436036368561,315.914655734237,352.845766557928,360.111081707845,469.030996510511,589.518126935221,872.889277439184,992.302037378411,1080.38620675609,1232.49418664321,1505.94222127977,1843.11929565984,2275.77971158899,2307.33434430543,2274.87800990349,2373.82511968473,2524.38071403143,2632.51711109075,2800.20270812187,2847.0776691988,2450.87242078961,2247.4602712492,2445.18332740258,1759.11201648229,1802.69300801289,1831.04800976449,1525.54061760288,1466.94806760415,1616.83198721285,1628.76100561506,1603.36623200836,1596.11822239025,1772.92869122761,1896.30020878013,1937.46411413019,2283.77299346126,2816.99384960555,3233.13339634212,3660.66104745322,4167.45169937531,5180.91881514686,4235.42990456612,4912.78585503672,5916.31364364343,6033.64884689543,5979.60138960585,6094.69392314956,4685.05902729002,4424.98529027556,4554.66753957828,4577.21029180491,4468.45341883656,3743.5419522929,4160.55926736925,4961.55257664733,5364.02795022731
ECU,450.776317102259,371.395176462235,312.43541024174,364.743594141305,435.763463220837,450.049782719552,444.623111980641,453.645285895565,445.227989157148,520.843984636492,465.040319805007,434.415880347799,487.972047217986,578.954930783286,953.846558260516,1086.17615086517,1241.91098461141,1464.94058354719,1541.13760425322,1783.29280581578,2189.78417657382,2600.57152797996,2314.38354547989,1940.23393200801,1863.68213493779,1841.77905481426,1604.24698102055,1426.01629151663,1303.77906073184,1356.28045636224,1455.00748510871,1587.36049996672,1655.44613192632,1697.88884141445,1996.85894789444,2108.00698245316,2135.8479374308,2340.76600026857,2284.01572847769,1575.30234730971,1382.23421759909,1791.30359685037,2059.1585535974,2315.62215223014,2586.20914663347,2909.02606014388,3243.67010359339,3478.92488770671,4194.75750661981,4053.36331139298,4520.30959039763,5153.6916424375,5634.08393191094,6109.29031510341,6405.79979300441,5976.1596805651,5917.63771271481,6233.32244797718,6303.91892523596,6205.05759479761,5463.64509649315,6075.8026572556,6540.99824522101,6609.80408154957
EGY,156.387390904103,162.841637332882,142.409573017439,143.928398657862,157.71653227217,161.567123566919,168.054342944501,174.103044536176,179.774096694265,192.964908828257,232.272492342671,242.971070265891,256.482815640115,272.182710085295,243.061473902314,299.217518322538,334.609918474469,353.403833676533,354.674246269687,420.85821686233,493.053573271061,490.308796861598,595.918898169378,648.013629771434,689.807675510205,769.755137148666,790.201793698565,753.722263747615,633.839369496566,701.037717929191,735.982935028025,622.829605007867,680.79923864551,740.334217356418,807.303537230487,916.326617700876,1008.97637629447,1146.20172117634,1212.82259820477,1268.30949160496,1366.09274372613,1295.1374184163,1116.82884626213,1031.27556291284,991.255689145253,1104.80340733395,1298.97900203124,1547.74170735909,1896.21594269779,2161.63964573927,2455.08194645282,2590.64384891965,2996.0677072015,3025.52563552448,3133.39102265541,3306.98159414141,3270.6287768197,2395.10333299491,2484.70315630508,2962.98892023003,3511.11381026379,3827.35415374308,4233.30783744856,3457.45691570455
ERI,,,,,,,,,,,,,,,,,,,,,,,,,,,,,,,,,265.240962963337,252.085777069472,277.801423620334,285.402184008331,325.838705371605,318.980960831984,341.91736400208,311.336209255125,314.357396753501,325.409161513593,304.775756465092,348.950327077742,426.840947887032,412.753079199423,447.997404727201,480.44762365456,490.066956003333,642.92572288007,539.699512069686,688.68165957684,,,,,,,,,,,,
EST,,,,,,,,,,,,,,,,,,,,,,,,,,,,,,,,,,2685.90889287357,2819.12612100926,3134.38975345407,3380.92630243199,3682.95230146695,4093.39247738765,4140.93660232167,4070.60902410208,4502.66614992392,5343.18310760735,7205.40703313243,8916.0728274602,10414.6381183565,12641.4800976473,16745.4308011148,18205.9064113446,14712.4494217916,14663.7041018705,17555.5455239426,17568.2137969714,19310.3874900757,20581.7898991695,17722.1557669523,18666.3736521706,20851.5223496861,23618.1361254581,24021.2501413306,23933.9939421065,27953.7670230126,28451.1477825175,30133.304450454
ETH,75.3396090705961,76.7301966411733,77.7901849782504,79.1726343703284,83.8368648270969,88.8500294110243,93.1549467874985,96.0864747436757,99.4743651000667,102.280177675035,109.430466337285,112.736674296624,119.839997124757,134.935511021947,147.855722504485,144.280537635495,151.95618662171,170.40414371556,178.302480574913,192.357117273999,203.685394440965,212.657517980298,215.25098547162,232.683474421159,214.228860396002,243.897382584019,245.977228769295,254.121329421554,253.248262470167,256.386475306315,262.108971053707,277.565910365091,207.406400863847,168.520401400989,127.685923459033,136.523619088963,147.327458851964,143.369531498844,126.465095781244,120.734631499865,122.269202606069,118.457204255261,109.593813612988,116.800491132777,133.169812538096,158.243458082465,189.345737521418,237.146255996319,316.410475118075,368.574712267445,330.619412798644,343.024942351887,452.101031885754,484.039833104062,549.986577082588,621.845673808133,696.195884706786,745.632449222154,747.968143637014,828.70897229725,905.313175805855,910.947840320752,1011.0732858233,1272.01628209211
FIN,1191.85508873415,1341.49900625891,1426.6675637882,1538.45703402737,1725.60483489826,1902.03847177709,2031.52331393903,2055.75306771186,1927.29380452918,2201.12415237742,2465.86455526041,2716.43223544591,3177.9287929756,4173.54485169644,5298.08008790754,6256.10245136117,6740.29145314637,7069.73565139858,7629.49572475149,9333.07695567452,11224.9380036353,10925.0957161181,10935.3110588486,10493.9626636806,10830.2185222663,11394.1921044246,14946.9926198261,18565.0264426011,22043.7701596288,23969.052798644,28366.204276071,25488.8450525604,22320.1124695857,17588.6781715509,20278.29109854,26246.2743214462,25756.6777073618,24682.29083271,25999.9861694953,26180.4128562349,24335.9225082659,24965.202996776,26989.389260959,32920.0857192568,37768.1334202029,39049.8703780223,41214.0187765069,48473.0240091455,53769.4726240385,47478.3495310999,46506.2919016566,51060.3242589767,47551.6740841369,49691.0145200739,50073.7760815871,42560.3456767103,43451.2562442158,46085.0174739036,49654.2497035329,48358.1807773701,48828.6846862799,53099.1351400148,50438.4753952355,52925.6897638424
FJI,277.431535497766,280.273366731046,285.473073001593,291.38357377756,305.532203132127,311.241072912198,309.5744090096,325.9865454003,327.357416510141,349.813973013608,413.93721652892,457.844599860784,575.217482137037,761.684067364828,984.313523932329,1188.18424249981,1186.16648457757,1203.57267969162,1354.81144050374,1626.66019023926,1873.31097972432,1879.36315139259,1773.14392517051,1628.04901181455,1666.86572541062,1576.72069091401,1745.24126633634,1569.46727039388,1463.04720165947,1543.2961719258,1728.94076871199,1774.99211138118,1951.25592930351,2070.04734110195,2297.18005884304,2466.74347815903,2648.32766264,2573.72338605678,2010.49636073149,2327.95720514091,1995.72071163264,1944.997414609,2136.56794118683,2655.58079586044,3097.19096651759,3377.69126953493,3455.10599907349,3762.74692789299,3899.92231512129,3164.13275408169,3449.14452883369,4139.60288609702,4341.40338748749,4572.44377544245,5293.35679137747,5097.53108832569,5363.79025590254,5826.84814087383,6085.41979209299,5950.82868635508,4844.42129036462,4696.17101880318,5405.03007408295,5888.73668639357
FRA,1302.53149729892,1394.53557125112,1547.62025902229,1717.70379067821,1884.13791381574,2015.37980964483,2165.07279456053,2321.46918431738,2512.62017415254,2723.56730541047,2825.12972273207,3128.38612116665,3806.8878889279,4913.52707779625,5267.35330005137,6606.70146747184,6794.61739337861,7464.90784463001,9166.59011961391,11062.5731730373,12565.1639377144,10955.9002996167,10359.8920663549,9862.28449386586,9311.89426452129,9657.01938533723,13430.4824599685,16175.7090467566,17549.6440487161,17547.2645422514,21586.4674617483,21500.7778366233,23615.0168565483,22238.8250618434,23359.8985104774,26791.8151982369,26757.6351494145,24169.4008102822,24869.4030795939,24576.3152254528,22340.5939516217,22331.7948343036,24144.5727019529,29479.5222101175,33644.9282220364,34696.3718316971,36431.5658906555,41486.1907828787,45464.8181385158,41728.0884164132,40694.8211697025,43929.7840873812,40863.5814412333,42669.1795111893,43148.0459288416,36702.4323733379,37024.2157133669,38687.1626407164,41418.1766484844,40408.2848574751,39169.8606000707,43725.0999521245,41082.8119320747,44690.9345395117
FRO,,,,,,1594.47884066707,1749.16153532827,1780.15707646919,1735.53425630103,1849.43853817677,2219.37686726419,2563.60186171096,3046.4591497805,4067.92980683272,4906.27514325385,5605.51262112203,6593.6212932559,8387.1492388171,9479.43754490354,10549.3401533022,11446.2829681746,10458.0965252581,10052.9192302665,10893.3317148574,9437.29347360867,10048.9483272876,14933.8685239492,18982.6475307663,20453.530924512,18181.2283745133,20125.7940710069,19163.9593395877,19300.6621973456,16374.1783348965,16976.3095407028,20669.6791981354,22706.2164905709,21158.8924655147,24729.019906458,24978.6210817538,23322.7593357515,24879.7729617864,26937.6505602847,31269.6031997217,35647.5440400531,36389.081644098,41743.6812847661,48348.7393711011,51287.8911081663,47059.1947296738,47923.1515374991,51618.9907766392,50261.9616267693,55758.2083680611,60172.0632541664,52635.0375463609,56875.2803813296,59384.9862077969,62524.0387361638,63064.6343127366,62236.0866558197,68736.505610554,66108.733645837,71717.7042204698
GAB,276.136169473227,323.4592026542,348.416820133128,290.675816546409,400.402956504958,414.554218095035,443.401599878142,482.22309050643,514.573983796217,545.410237141201,543.433161441757,627.415677576616,693.294831412979,1140.0416427509,2384.18628892572,3258.23424153589,4441.09448586623,4048.1467428949,3359.57268123664,4154.58594015093,5718.46719052717,5026.47646757156,4583.89967785445,4181.57191575578,4272.88216871705,3898.46316935487,3864.67453823981,3624.37675865476,4118.60473032795,4373.88491926948,6050.71468999523,5345.0965303052,5385.68811745078,4105.98701339331,3828.21118114454,4414.8755828572,4942.67870027615,4508.75340541142,3699.99513906504,3751.35318950625,3982.906200928,3835.75718279727,3966.48001864663,4710.74862768151,5465.79193590708,6547.87613955186,6847.00985685394,8003.54289696049,9688.64519690633,7290.57526093114,8356.74662013345,10219.1139339454,9296.96587941088,9197.70106323947,9201.36276648105,7047.12654634355,6677.07003901644,6921.73373135624,7624.2775233771,7441.1786472281,6605.80346077565,8181.40914134656,8409.2074145028,7802.83659565049
GEO,,,,,,,,,,,,,,,,,,,,,,,,,,,,1543.58202459728,1843.90343235858,1853.44090838675,1610.98027146868,1310.97315894409,757.223548505358,550.015542609224,519.816187076762,578.336763329878,689.034413652597,807.032285752352,851.515542450841,673.537782887275,749.908534993961,801.98383707929,853.526171868939,1010.03151630868,1305.04748557208,1642.78359414797,1996.02013272284,2635.36650276116,3324.7537205015,2822.68939668797,3281.72930937343,4119.66818307193,4530.69533409431,4712.00229382665,4830.33486170249,4086.6223465965,4143.40125686315,4418.75206546679,4804.0546040444,4741.2832715876,4300.85701291207,5083.60695484577,6729.84659930283,8283.66960242964
GHA,174.858856531804,181.870010833085,188.421016299893,205.037422391885,224.968154393354,260.50559523622,263.334589411514,211.219296540365,196.668571830464,225.772621963554,248.159869409818,263.408787882235,223.80286383233,309.509552300391,289.425856816508,272.976715188503,260.998295813107,292.28979809499,325.598476678233,346.653403777697,372.252026367961,343.799126739425,319.206910329791,311.383438154949,329.998888863111,329.714604937014,410.711658388611,355.153724919203,355.121844932881,349.964941914982,382.54246368354,418.254121349986,396.426407640517,359.800844097528,320.50390343252,371.537243033836,389.271267898831,377.841935501461,400.366799508524,403.037326127273,253.746936203344,263.542156494853,297.46164468774,358.39927142073,406.132105329565,478.611909191028,906.441027564887,1050.12461524926,1182.65761256016,1047.70430093586,1263.89251760539,1507.43573198753,1543.77524235764,2294.025645187,1953.64513603117,1721.69964380717,1913.18673253576,2012.97025750655,2196.61290615342,2186.18924111824,2196.54789313621,2445.50081810782,2240.27945094566,2260.28741289427
GIB,,,,,,,,,,,,,,,,,,,,,,,,,,,,,,,,,,,,,,,,,,,,,,,,,,,,,,,,,,,,,,,,
GIN,,,,,,,,,,,752.822503572388,825.289977053096,948.497421297055,1143.30003514078,1242.5292252039,1311.33051362563,1430.66435286764,1440.15766515101,1657.96393230706,1789.99554924567,1930.99184257949,1875.53966772396,2272.63298724274,2822.83932284682,3361.5282015455,4061.69867242443,505.876944250303,504.510868799406,574.001127225182,570.493417986787,604.304422702532,656.42373119518,692.647802662806,670.741778229959,671.576385058752,713.031460558683,726.025442583799,695.58174225826,647.379920832778,610.614842942762,518.157066924026,483.085120214741,495.916073559269,566.48540588068,584.897740538081,463.17768685098,446.980554135348,650.148575304385,703.532825785322,662.185914665681,659.235326211315,636.694958747648,699.353377212197,748.455020824734,765.146999389279,747.356966759448,711.996509782316,833.598621691121,933.273615633705,1031.34146480732,1053.66097696415,1244.96550477914,1416.59612011764,1541.04050914957
GMB,,,,,,,94.3662144947658,96.9604868849254,83.1064852758912,88.662202161031,99.7816919772448,103.318322288749,106.524604282625,131.449182060787,162.618334686551,189.808393377344,179.313963291107,213.842543162023,257.581042237291,300.258528034397,337.692534389517,295.982064548083,282.141307055388,268.649299816803,214.794357389928,262.816616745779,207.654408714945,236.954802725846,274.874465999589,280.929809553919,300.639895740381,627.578919318827,623.485927783598,635.3611677282,608.2774907808,621.681391269646,651.784945724837,600.224023405754,610.234711461724,575.459893151216,538.054072348854,459.803068381399,376.531026962584,308.719123437587,593.285346326581,616.483657865348,614.544307904464,724.726407242432,859.127671411226,774.888030908091,801.033372714536,710.608411468152,692.579361628102,653.862713272743,568.00453558864,619.536364296461,650.056501323611,642.522641296331,696.219806960615,738.186751987483,720.335143352133,781.890925169531,836.244875868476,888.157407724123
GNB,,,,,,,,,,,350.221594962107,348.277009620267,388.643761374553,391.9165756129,418.643114014064,435.217809874848,420.852937438178,402.906587803326,402.777525700936,375.845330171625,346.855441567554,477.46389637563,502.732266005568,488.993892322107,407.439444684912,416.576139998898,371.137575913103,487.551949436993,453.807472688208,578.490985831256,651.337640650994,672.07387884966,574.32110641811,581.612681813953,560.883422537973,589.487023081945,614.729892454585,598.953470198484,497.724279563733,478.733190989909,316.945495037639,327.138431972397,362.034574570354,419.78486611807,431.376557669634,463.073962650452,448.513075469701,519.069789794741,640.210331101753,583.190020139094,600.194298540768,719.539573498937,635.461653303881,654.304534409417,652.022501029449,645.066837207039,679.665386626818,783.123186602022,808.531613218504,807.359903965493,817.780335749159,900.407780831491,853.281304044102,951.242748289294
GNQ,,,132.911859077276,154.797498528375,177.826417576094,217.10289545039,226.694963901345,231.931646165774,211.743758689178,208.44083966338,206.766858699665,205.56736961701,211.424761974446,268.634902338667,319.236836741342,362.262178278078,368.831374253979,375.705960625002,,,175.451008071362,121.125080282047,137.468802708366,129.411005581021,137.903678570149,161.11802183767,188.78702702248,220.925441822509,228.669232827247,193.2233561169,236.402188376265,225.319378519763,263.733547088944,256.683023652574,183.239482711964,248.314896208855,391.686868235732,717.041481576821,577.868525342745,930.912549299779,1487.3165506701,1948.61145907844,2264.21065580365,2930.60183743733,4901.30127408119,8673.9026086535,10184.8841248541,12616.9532942011,18210.5552970599,13232.5019378102,13720.1658723222,17198.2136668275,17308.5723924575,16304.0713196418,15548.6624656619,9068.91003238645,7453.19797948517,7809.10465655488,8102.47084834031,6804.14923073888,5764.05502912947,6945.63069794539,7589.29964909381,6677.793435386
GRC,513.085862390915,582.563503591063,608.475515462307,685.559282001744,772.805500770312,886.773611071551,983.55754915871,1053.2588863313,1138.38219032671,1305.64395976862,1473.60394808707,1629.3452793287,1873.25412773592,2468.00395502023,2789.40577350635,3109.3794397892,3343.38819444676,3832.32110004611,4629.33937671209,5626.58879087082,5811.69069600941,5305.43729381339,5501.63700061234,4950.06026518761,4785.07463033775,4746.76035816355,5577.83258692769,6473.57783168117,7492.35204811251,7737.54385772032,9466.66238502174,10046.6663875475,11021.012224607,10257.3085789073,10937.0223808611,12779.081491606,13432.5262183244,13015.9175046854,13022.9648774809,12742.5404388143,11638.2010697215,12156.9572824221,13782.195640943,18020.612039764,21449.2552764245,22054.1315756886,24416.0232970275,28440.7625328955,31695.8331092209,29425.4573200263,26653.0488008626,25504.7866510124,21624.346052551,21573.3449762805,21474.7257123892,17980.7298238137,17919.2426377048,18631.9930129293,19873.4015238771,19335.3602002969,17886.733165236,20654.7001960815,20971.8349258283,23400.7278817691
GRD,,,,,,,,,,,,,,,,,,736.927499151542,917.111118802723,1070.73371266334,1173.07809597238,1229.65932557403,1329.00617695983,1388.16565090599,1523.94092798531,1745.15357435866,1938.10850906698,2204.6384515886,2404.25523562379,2696.98290193019,2782.18396873619,2983.91643158641,3052.70018744163,3026.04154231393,3152.2020478855,3294.26988339657,3508.294236637,3724.75466168304,4206.28052894181,4516.28332446682,4839.82811114248,4819.50776653843,4984.47405931447,5427.96377252312,5480.26117644588,6338.56011405358,6344.0383771432,6864.54816771858,7448.2040563865,6932.56472176781,6909.60169568597,6947.38136096464,7092.71985352677,7424.80212287327,7986.33421210788,8694.12438005692,9221.23461079424,9751.42661155932,10083.021279225,10462.7929159533,8968.55890108484,9622.24050459345,10474.2652893842,11246.3451228921
GRL,,,,,,,,,,,1498.27643678161,1874.29530190099,2196.71424019198,2860.28057640115,3432.70603291276,4257.87561148406,4844.65629347485,5713.96253360554,7235.5169393433,8480.76253105822,9483.10240585198,8544.09791016512,7813.65128212172,7988.17794662988,7198.7078081665,7760.83426370628,11271.3325735884,14554.3513669736,16397.9501938761,16813.7414501107,18326.9295023252,18315.3165631906,18768.8275325455,16797.3578218828,18124.0998075763,21665.8295173116,21422.4609853672,19145.614890096,20496.578783559,20170.322763798,19004.0038435698,19275.4339659556,20652.8417042443,27459.8753295461,32023.6820516137,32489.7277309899,35458.2542977474,39780.9441368721,44366.7858688175,44918.8413832155,43988.5280290494,47186.8759969388,45936.9562817724,47535.4883792376,50485.2244135291,44536.3549705377,48181.7453541266,50765.7494665372,54545.135857765,53309.2035905065,54693.0766804265,57116.295770722,,
GTM,256.813115286608,257.20215058952,265.21065183936,284.397504292538,284.197970339364,282.97764170403,287.277848723331,291.934180943356,314.666876118943,326.30273339901,352.790808761812,358.373560380293,369.762757413424,440.562871690613,528.57311003132,594.88660866336,697.064609693019,856.125495292911,925.180026499901,1025.98223460072,1141.80549814991,1216.49639722044,1203.96540667638,1219.73545354345,1241.04242582773,1238.47545209176,896.063263473632,853.903772501246,919.070773138882,958.427471156263,847.688561830359,1014.40279682682,1096.45976992698,1165.67442716224,1292.67202750483,1421.06177809796,1481.05986750672,1638.46281851789,1741.20114182856,1603.64776144934,1648.96578971559,1537.68663578252,1669.33517469705,1722.54701910774,1840.91184884,2046.46611650758,2225.1234753878,2458.81573919384,2763.05988172926,2611.64632773352,2805.25960237322,3168.98370607705,3286.61959336267,3444.15971843874,3689.14472473545,3893.50521848131,4060.13755621218,4324.99607911366,4352.94651790253,4511.99755157656,4477.61761796418,4913.94712869347,5358.08963795,5762.82174615918
GUM,,,,,,,,,,,,,,,,,,,,,,,,,,,,,,,,,,,,,,,,,,,20909.9590302806,21877.3178371553,23618.8266894573,25631.9776108052,25709.9351488422,26605.4324214756,28112.2316573422,29054.0581201519,29719.7967836082,29926.2052442913,31653.7506538168,32530.7593121483,33900.1486530583,35165.7014644795,35930.6594898711,36779.0078903909,37195.9503070464,39274.9431424899,36482.9363953675,38074.8793745801,41833.1517132825,
GUY,299.074645785091,319.017754796284,327.392579238974,288.820390442321,313.261161893769,335.73593687831,352.589675035291,377.732621967981,339.786441079035,361.187616176221,381.098754100227,395.769663599294,395.474264576572,420.533678630093,587.968877003464,663.799722651899,604.105267775602,592.99759837818,663.208586084495,688.827652838343,778.958814102357,734.567458871119,620.564636570569,630.672779209107,565.33443558244,587.818395225034,657.014000212061,464.052566270711,544.715209244099,503.109019103922,528.851095342994,466.039938988882,498.156636569954,603.084316652805,715.611525201717,819.668541584905,927.523847211669,982.804753805587,939.685488169724,908.790631391797,931.796651718955,931.574723847673,950.866932470993,973.742598054188,1033.31030902188,1084.06541388904,3135.60553528326,3608.28685240188,4008.9628671603,4209.13230624565,4581.76179693492,4947.22170589917,5444.39751913913,5556.91231156932,5472.68820452237,5640.41560569466,5870.87823759835,6178.6650437298,6048.38697180418,6405.82443444562,6775.70939096303,9860.87233445443,17913.4910146288,20765.3503593109
HKG,424.056554189694,436.754411520393,487.821134050813,565.727810358046,629.591525784494,676.805507110096,685.926614135084,723.239225616661,714.48296958061,825.523449142012,960.031961510704,1106.46971695915,1384.7342645141,1893.18124189464,2144.61495884823,2252.12694057369,2850.0146101832,3429.42027607254,3923.9713784987,4569.4838495588,5700.43210891578,5991.28488804536,6133.7668997328,5595.26055343754,6208.22615937199,6542.97352840976,7434.99925513073,9071.39076473445,10609.7456394545,12097.7487914553,13485.6314525052,15465.9245305858,17976.4688629053,20395.5621886121,22502.5302426236,23497.3920767477,24818.3021600084,27330.0933613355,25808.8609899709,25091.6665997966,25756.7728723704,25230.3780910304,24665.8362318216,23977.1734120477,24928.1003722551,26649.637724155,28224.0951563146,30593.9511738646,31515.5292103443,30697.5383861641,32550.136489179,35142.4879344543,36730.796195815,38403.7777145477,40315.3739510191,42432.1619740441,43734.1980702999,46160.429791493,48537.5668888343,48359.0011950597,46109.2299946609,49770.5642374739,48826.0527728276,50531.7385421945
HND,162.774119084799,167.920491862786,177.698729276502,182.727079155304,197.847916860582,213.974087533974,224.767456925531,237.468673669365,249.435319007642,250.160207378302,262.840752313489,257.883254733622,274.804500009748,303.009104141963,333.727332671793,351.994247837772,409.172118500864,491.223719383109,883.547221294305,980.442767610674,1064.65679108536,1052.61024413696,1077.74606527652,1097.72098615704,1170.354142767,1220.84274445556,1276.23237996637,1352.55472392946,1253.84921085629,1121.9592439326,988.459273781288,907.271114551007,937.828918006075,908.446013257125,832.062972379136,931.669547257738,883.311249797422,944.930102441707,1021.15818843434,1002.19633011186,1092.56400746252,1132.1648753329,1132.49965345317,1156.08162681357,1215.13995412761,1304.70039153826,1425.84780051892,1577.73789197407,1732.49062702803,1781.15703614674,1893.32722662035,2073.66121088074,2126.03474686503,2081.12843527945,2179.88171977271,2271.20265980349,2307.34468351082,2413.0076562942,2464.64241531918,2502.32744328073,2307.61494319511,2735.14751503977,3003.28996826399,3231.65724461936
HRV,,,,,,,,,,,,,,,,,,,,,,,,,,,,,,,5369.10978590681,4000.91677428625,2321.15204123035,2447.50319141761,3237.92646315285,4929.05772183424,5299.6410536193,5331.02343858808,5712.58985659548,5269.03394637289,4953.65158789022,5364.83824691607,6219.58164143945,8190.11135193887,9718.97322801967,10443.5278353294,11502.753124287,13757.605654192,15889.4347074759,14475.9632928725,13731.2865213989,14694.9993201417,13508.6836989693,14136.3967669505,14187.9694531493,12285.3032582105,12821.1738140304,13902.6310485422,15460.4183295843,15563.8167397199,14808.4620188819,17789.9304736722,18466.0955472648,21865.4562838641
HTI,70.8024454423715,68.99056510131,70.4464617057034,72.3983493523801,78.4520158485608,83.6332514169638,85.7493738145357,84.217267674485,82.4057717596557,86.1269803448153,71.4543990624631,76.8116150679491,77.2765182599349,95.1341802581181,113.039260601755,133.631792050575,169.091888071558,178.696912675895,180.321253919424,196.20196855612,246.46927157982,258.468043101302,252.607250558051,272.823694996686,299.247186216373,324.575156092964,366.997344256492,317.635520687503,397.365336276412,407.498708064211,451.720249689216,496.545987433864,316.276513134354,258.066372258817,292.134224374091,372.006104665125,377.229465025972,425.111085879256,465.363306259051,509.578585275375,820.600046761464,748.821159844528,720.969568042522,578.995291079709,683.185298155273,775.845704056916,828.805700289589,984.566983448521,1094.66058421644,1196.8528706018,1209.72733503094,1312.03953552013,1361.39396587374,1457.83221179626,1460.18898613914,1411.12684746796,1318.40268167953,1395.23945184461,1496.38048970156,1352.17204191532,1290.32538667383,1835.44394078496,1760.62635668777,1705.77905452248
HUN,,,,,,,,,474.880214413036,525.511780457936,557.372982365269,604.873176191056,707.33760589871,873.124533996772,952.756132363523,1079.94042321749,1244.72491436848,1383.86613419222,1612.60099090319,1858.58930190771,2151.1816628528,2205.83366722579,2247.70800537405,2043.02997546324,1984.74349777267,2013.43352195314,2323.23864322732,2557.60366681372,2803.06398657229,2892.96729614731,3312.69823800526,3350.25832349229,3735.10582034276,3873.98772279767,4173.37302405441,4494.70762405948,4525.03910312241,4596.18262235195,4744.21226429639,4793.47852203763,4624.28165670295,5276.03318905496,6655.33300865319,8419.43087098103,10301.7033946743,11223.3993032598,11489.5608654088,13940.9092761999,15772.3300839383,13077.305465178,13217.5045951108,14234.471576937,12984.8365730133,13715.0703590361,14294.2584180751,12717.038597002,13104.6995457458,14621.2395956755,16425.2050299693,16786.2136399075,16131.9540355923,18755.1023464312,18353.298364905,22141.8669799276
IDN,,,,,,,,53.2051866988581,64.6547730642556,74.0988114128793,79.118823484002,78.5428393869752,90.1147549138956,129.886231088685,200.710984454591,231.060120618497,275.713167824796,330.670214101079,362.483779779007,353.424175826329,486.620172021155,560.830336032961,577.745632722784,507.682945653414,519.774063103241,511.400883618027,469.834241253429,437.60655039936,476.662483405818,524.143027322576,578.420121135382,624.387495384411,673.67103954742,817.395116417856,899.793982949817,1011.22614205568,1118.92133024129,1044.60674832472,454.877800792123,657.268934667018,763.711124950924,732.307093405708,881.002913569131,1043.2105838671,1126.84004447173,1238.21447629488,1558.31562847164,1823.21976255073,2124.55483920617,2218.48541852977,3065.68348366636,3579.46442452684,3632.272540431,3566.60284506078,3441.06808455308,3288.22269737572,3521.46943456251,3798.88326177649,3860.95353077708,4106.94856173421,3853.70288778903,4287.17313989405,4730.74548910499,4876.31432703188
IMN,,,,,,,,,,,,,,,,,,,,,,,,,3892.81857107699,3980.23093051439,5507.18003873984,7012.1421130624,8768.79053218172,9110.77499886082,11049.8949396235,11768.1058977186,12150.8545456352,10818.5139663414,11708.2857474351,12896.5252829716,13979.8454930411,16160.7112518361,18753.1202301034,21042.1461816648,21161.3963073772,21819.7123825606,24471.0798814847,28861.6178062918,35564.6023910146,38135.8597885858,42627.5089352891,55040.2437046236,72276.7741329461,66156.105656847,70587.3140283741,77808.8579649376,79329.2034347434,83207.6588430451,91885.4528718026,84753.5187422732,82025.9454509241,83481.3038489014,89393.8244248812,87127.5517977404,79513.5330346598,94299.969348965,,
IND,84.9328084793106,87.8538613470205,92.1999583629516,103.435021262932,117.856430772855,121.50831902883,91.0276950517841,97.9951481214155,101.556802521195,109.477664384288,114.35532002008,120.680595539912,125.270705961882,146.568492582405,166.699661755332,161.086694022079,164.119999587322,189.585568552477,209.389063573463,227.958179873426,271.080945953678,274.964330768528,278.65038258267,295.999773299382,281.049867840717,300.928258576378,314.897116402542,344.941028293075,358.484539641693,349.915155021864,371.085936203765,305.574055928592,319.182472626315,302.884806246174,347.73421473994,375.17600537305,401.046754673579,416.228116203753,413.630864056851,441.927991436397,442.750218937263,450.357900514128,469.149928973927,544.143133545002,624.258826510066,710.488080408949,801.668353659022,1021.88707706826,992.519584923828,1094.94974598436,1347.51939071367,1445.46127486037,1429.32199520032,1432.84397512195,1553.88396075118,1583.99815907985,1707.50892912243,1950.10468280866,1966.25455171679,2041.42863698585,1907.04251637669,2239.61384367482,2352.61392452078,2480.79208721621
IRL,706.551022345168,761.851359570018,821.344113076887,878.156576476286,994.607331611746,1055.03624701098,1107.31823034754,1187.18321236576,1158.85549787929,1330.78329549951,1486.51452734638,1703.93218277317,2080.46514718169,2424.26904706558,2516.92768605196,2973.40012301715,2919.58308695615,3427.0734359204,4399.98680535092,5429.96200087479,6372.43777545453,5986.1541089392,6160.63861381484,5915.24177164341,5692.02738597285,6011.7355464232,8112.17136316453,9581.91308572415,10715.8706184163,11175.816603647,14031.3025675469,14087.2077980306,15714.3847487231,14657.0615549805,15902.9296755168,19158.4564773907,20835.8973666717,22551.1139134126,24294.8547674007,26338.1077543817,26334.5672050501,28282.409882073,32705.4345565698,41203.5295847568,47754.2023194244,50933.0216095589,54329.1618599624,61396.417461176,61353.1065629523,52133.0909237885,48679.4026820361,52692.7813135606,49411.7387476787,52619.2123745817,57278.2590911107,64311.8234684057,64292.659966313,72499.3268743015,81248.3135388,82508.4659883582,87567.1148972037,105561.137468992,106194.755859223,103887.800388081
IRN,195.577527212584,200.081529294826,205.786809657214,209.559376274185,221.731727810658,247.526675505443,262.877683796297,283.733705768519,314.285456656371,344.601687457468,376.606879152384,457.28363801324,554.748034125811,850.560177143918,1408.96571902077,1531.70617122586,1953.5196967855,2243.05559538314,2100.77015324707,2352.4265515265,2368.39285730473,2393.44985576144,2844.87611384054,3397.06140021275,3395.33697556582,3634.03209560743,4064.34667297518,2513.1511156474,2234.46235141339,2124.97214820342,2137.94222739878,2194.43906802841,1957.48507794252,1038.10985680796,1167.7627251321,1550.0095955237,1914.78121290985,1790.06617576107,1709.19334095949,1739.59462001971,1650.01385832603,1881.02266634748,1891.25756092031,2208.99636553529,2672.42266512669,3132.05081925856,3618.9160136791,4687.99166265915,5377.41150725587,5415.52280554144,6291.19443652344,8025.68743364356,8114.08099831877,6222.74194840326,5672.06372896319,4952.73355532178,5477.03712389913,5753.11544659399,4631.78709016514,3831.27894763337,2988.78122414716,4334.79268631354,4405.09291519791,4465.63766994952
IRQ,218.917802531101,232.392612190864,240.653442461626,235.513623763733,269.423092996101,284.77757098584,298.205666763491,290.643664484678,318.832552563525,319.860143218706,337.042912609442,383.550287036941,394.41834302923,475.586335675674,1031.25081332691,1165.88163945653,1488.54335200482,1608.79545129648,1863.21761229727,2871.32952195974,3867.64500744262,2700.41204790874,2941.9748125381,2743.35449218755,3065.7178266236,3087.66394151806,2940.40623181091,3436.4763126353,3707.20841763297,3791.17027583399,10261.4157706888,22.9521327615352,30.2539012636825,53.7437842348819,198.182101881974,619.135530927038,485.258492784825,936.341170908421,900.937142559106,1560.36466710272,1980.18916038782,1435.695683789,1266.15961275094,817.887862499622,1328.37157628292,1762.39360423421,2276.55435744086,3128.99010329066,4542.96609046032,3714.71205987194,4461.75196161555,5775.54229080293,6477.59618450955,6650.35282247395,6249.39226978969,4440.14189252367,4334.42096404188,4759.2846435467,5646.68932074742,5671.8568632942,4295.18945121228,4868.49431080783,6504.12428393548,5565.12644647176
ISL,1436.25885405655,1439.44972356432,1585.721437797,1859.24836167773,2332.47365785423,2764.47356483879,3264.04742660905,3172.64877052559,2389.88350467813,2069.85896390776,2576.35344434276,3252.09917788448,4014.84273017558,5437.34252541217,7040.55404419726,6454.17715159378,7583.27529804327,9957.25443433463,11236.735735064,12640.6408128355,14821.8150912707,15137.2538408683,13711.7362718597,11671.8092292119,11959.5400102921,12361.1870365183,16406.04794507,22453.1882283809,24451.9733172334,22434.3467683494,25384.9150226302,26802.9895156678,27124.2745379594,23579.7953612417,24018.6313967189,26633.5913761549,27614.8770273122,27919.1854966562,31030.0535989181,32381.6252356488,32096.3722613695,28897.4439396908,32409.2161491753,39476.6978486684,47334.9306537723,56794.8501588953,57492.9342498703,69495.7267376825,56943.3704468563,41301.273219718,43237.0729488958,47714.5922308485,45995.5478789467,49804.9829978371,54576.7448146565,52951.6815110898,61987.9263620283,72010.1490316258,74452.1890731447,68452.23622306,59023.5663465778,69325.9078287926,75314.085560994,79636.9548578508
ISR,1449.76140897192,1694.10902871325,1291.14207507409,1483.52869124093,1622.94713795895,1685.90010698784,1785.65063547398,1731.67626367394,1943.69837323735,2184.92749415975,2485.81574130995,2294.27613927941,2924.42858457511,3624.88724710974,5076.29651451905,4664.02620141029,4508.34326185306,5044.18442995876,4788.32792496606,5961.20969710617,6536.74795007038,6783.03336109356,7244.51893752661,7945.67500522195,7355.25317040048,6816.3848781637,8320.4734890676,9835.69004057827,11831.6680266533,11586.8023266158,13284.3794576924,14320.2831935277,15482.1005731603,15151.5446328935,16776.6124890797,18991.4711694457,20180.3770456889,20432.8376406454,20157.0966336239,19782.2869743593,21660.840378309,20907.1143041538,19034.3175740071,19629.4145135202,20546.2291718399,21226.7213913393,22502.0722209991,25635.926838502,30176.2865128483,28381.6449423376,31338.5568903917,34433.822610733,33236.5731239421,36929.6042163752,38230.4954049785,36123.9907881129,37556.6272863143,40997.9110240274,42233.2610344935,44140.8289372511,44679.7715799755,52255.6159050999,54930.7261602593,52642.4267486308
ITA,836.905850281885,923.08778375214,1030.15800343763,1171.3869628098,1271.80119301518,1357.0106162201,1458.94713889011,1595.48578129215,1718.49646427147,1886.45002730465,2111.71986404332,2310.92376058816,2677.29372999774,3212.63949627574,3629.49182319594,4116.45964933054,4042.39482463789,4614.21004931651,5623.42917622719,7006.39699054556,8476.41045000836,7640.40241250516,7573.93967597775,7850.62789042275,7757.55374836822,8009.10347642127,11341.0939892903,14267.5368168757,15780.9495122174,16424.4301587005,20873.7834092719,22007.1350964074,23297.0460325456,18781.9529427137,19382.2002150155,20712.1798690324,23122.9337219116,21883.9872666651,22365.1837644545,22049.9990620261,20190.0035636084,20571.4787737914,22463.5222129968,27618.9417740066,31425.8208728669,32171.793374715,33684.7200358552,38031.9709472716,41095.4063415012,37388.4537139699,36184.7118698678,38851.3881339353,35235.7989058242,35747.707952689,35750.7197500382,30387.1293187854,31126.3246947273,32554.14668453,34746.3441392416,33812.788724868,32091.4866621366,36852.5425414951,35635.7442204098,39003.3160954123
JAM,423.674098184095,447.057273660594,458.313997796567,480.336499711715,514.416511313452,549.493560414107,612.210363692586,633.259680574944,591.045817173244,642.133421058915,747.909399172491,808.866506083755,970.802906405502,971.802513228502,1192.98569350958,1416.77546764568,1449.977882067,1569.42127051131,1262.40327239465,1144.17562986584,1248.74484727418,1370.41277901541,1494.40208283218,1619.4784563122,1048.13405395534,916.872292838674,1191.34976782142,1410.84598702428,1632.01481656159,1864.98497550062,1929.59891905857,1710.30058243722,1458.10146892635,2220.51518327186,2202.85831038471,2630.84935382822,2928.89692611996,3296.91634805083,3419.49352868739,3431.56813468335,3453.09252800226,3503.55026688858,3680.64551727724,3549.70758394618,3807.56293124552,4184.43974867497,4417.00127135363,4716.48612542727,5029.80095281745,4428.38153333557,4809.977380312,5232.63644918132,5340.83333232158,5124.21301411137,4975.11326954633,5062.89556466908,5009.79450059092,5259.31334136812,5578.10346083169,5607.24300668501,4879.44024631319,5165.33780988607,6022.15341099999,6839.72503886968
JOR,,,,,,545.513861689675,558.402981092455,496.922746235673,408.842352820548,474.427887073594,408.596257509347,412.218818849468,459.874244108895,530.783996638002,651.095948462669,717.7640972871,872.506019353732,1038.52230070493,1248.90326044987,1518.82451343828,1750.09801076564,1885.14842198943,1928.87589643338,1939.33654498872,1871.09074979987,1797.02877146361,2200.10278230881,2216.87045179385,1965.98031813995,1260.2518650001,1148.59005469899,1109.65564611997,1286.6347360596,1289.4145431007,1367.18721776691,1415.71151592128,1410.17424189419,1435.87593846863,1532.11380395602,1544.58750592979,1570.61002940477,1632.29454010563,1706.26744384401,1775.67625581432,1940.08641342805,2087.87079273635,2342.63459574933,2506.20599484139,3241.6524135556,3435.8337590698,3718.46571622945,3946.85503855525,4169.50470054618,4311.21916713038,4191.18050084986,4042.75678097555,3986.71677010853,4065.61628749384,4145.43989673265,4170.1144003465,4022.0401356135,4183.49998326866,4332.25159897931,4455.50540514568
JPN,508.702779291773,608.864581144951,684.565509797705,775.592123080162,902.867721515126,993.732722209078,1143.60789652395,1326.36103912253,1553.27139379996,1802.98028061972,2100.74807036009,2321.39092521418,3031.43860570759,4061.0133895326,4448.31965623627,4775.89953559305,5310.43140904992,6472.7877874079,9012.13603523182,9301.14831026293,9668.74626395709,10583.1278908402,9779.97490636267,10652.0147161768,11207.4523524293,11809.4603450715,17451.8349394142,21141.7183951789,25499.8811728107,25265.9487590208,25801.3950393094,29428.4289039469,31992.7902119161,36345.2441262708,39933.5150564874,44197.6191013908,39150.0396308089,35638.2319556941,32423.7556133801,36610.1683163197,39169.3595701504,34406.1824638092,32820.7936433254,35387.0374203599,38298.9801712303,37812.8950199948,35991.546002862,35779.0245416427,39876.3039685725,41308.9968370512,44968.1562349739,48760.0789494211,49145.2804308193,40898.6478964744,38475.3952461838,34960.6393843385,39375.4731620781,38834.0529341227,39751.1330982711,40415.9567649547,40040.7655055923,40058.5373276179,34017.2718075024,33766.5268253808
KAZ,,,,,,,,,,,,,,,,,,,,,,,,,,,,,,,1570.00883112591,1442.42455540825,1437.59848100913,1355.13493859139,1246.83633018218,1217.79138769863,1281.39152895397,1381.63593295187,1414.59289652597,1091.54727722159,1180.0444563226,1422.27331810957,1573.55219932325,1958.02050246511,2722.47407755402,3577.35804001782,5030.13494711519,6449.43931096532,8123.54705891736,6938.01175663001,8793.07589980782,11287.1464926039,12018.7966527993,13478.459627612,12427.7094576939,10196.1226255982,7475.56688689424,8943.08416791984,9472.48527327758,9457.12614657136,8781.50797787648,9983.60103576902,11255.3396437881,12918.8661346014
KEN,102.824417465582,99.2716957068382,104.600455936259,107.393655978243,111.300544823892,106.865601340262,119.833476389359,121.90214207834,128.654646882243,133.310793093247,141.039390962597,150.852979093178,172.642044778441,198.578083872556,227.233442066411,241.224426147057,248.935108198575,311.48625291648,355.141982232607,403.242079834358,453.558973444809,412.883704225392,373.794835688888,335.037151735189,334.40283575753,319.503611010714,363.745117772717,386.630929992512,391.238771204282,374.489193682103,374.458992895562,344.722642127742,336.68139978696,228.998032843434,276.447871981244,340.064842175429,440.527078880876,466.723814611399,487.883239905452,433.721235701305,414.626365130846,410.700452474814,402.936385605382,442.898457253405,463.662781300121,523.456312433863,699.80237063381,840.201439476765,915.54435473604,1047.9678324485,1091.51873101194,1096.14499807675,1285.00536171512,1370.87885214659,1482.81566253497,1489.11959777284,1554.12610314423,1667.48447230835,1836.45275528993,1960.40808854893,1927.66459027849,2061.35622089594,2109.56288513137,1952.30457929636
KGZ,,,,,,,,,,,,,,,,,,,,,,,,,,,,,,,,,,,,,,,,,,,,,,,,,966.388569370494,870.198894546917,876.954476440354,1117.40184423062,1168.62244675446,1269.66303464348,1264.52679529608,1105.65202996955,1103.27498361324,1221.39056490366,1283.52040333083,1421.99927504102,1229.51775742135,1349.99730650542,1739.72030814894,1970.15780961839
KHM,,,,,,,,,,,,,,,,113.825789208758,128.827777341533,126.357117453489,147.101573366096,142.221617062037,143.154317973128,154.253841174151,159.206634020357,166.65319934361,174.705837134358,182.446852317187,185.759997798349,158.124375446975,244.109577464605,191.297492431658,190.181470036159,267.336306726982,307.094922385136,294.059372727558,302.1307854832,343.485224671585,324.655870983004,297.59041960803,258.780953189377,286.753596443196,296.426687526334,327.500984314444,350.147276634294,386.691123931778,444.199067529081,525.797325120926,612.252648550727,731.692295125426,866.283999789749,875.748936193569,952.274616324008,1088.98152823081,1192.80263041673,1305.6600972686,1431.56396469993,1547.32010444393,1675.19555711109,1826.35391688754,2036.67377566578,2225.87705485686,2081.73914242939,2167.40324198499,2325.03050040841,2429.74853452838
KIR,,,,,,,,,,,201.023774667798,210.668594146279,256.187000109277,421.626997094822,1131.29075149996,730.441792552945,548.075641711172,519.943894734849,610.783852582543,572.794606018137,542.253599617514,567.722497103141,518.62249584629,483.107821082637,527.291455228898,392.905065394709,381.918758641144,423.822473332128,535.915134580045,514.652948165033,488.067527876014,540.125608893654,791.996422129169,747.753427083185,837.972073850342,844.429294097904,985.885799103975,953.162777384717,874.484573921122,887.495678128225,845.367556128631,718.833757321332,810.108949976176,1020.50050169828,1083.26858963731,1161.78372745312,1123.19268258743,1352.57829954167,1410.62249506033,1316.62734623652,1522.10110213175,1771.12894481248,1843.55346948038,1772.08706898092,1736.7053011433,1639.85274301496,1742.66812442095,1853.0511299437,1912.73798131035,1750.99750920482,1769.43211760217,2253.82500103057,2075.90844085067,2106.76000405677
KOR,158.274135881229,93.8313831944754,106.159702780685,146.302492590131,123.606374492665,108.723112442051,133.479834432364,161.159443282246,198.434884397043,243.426137656633,279.308746302217,301.178736655376,324.192811178745,406.897093528455,563.352475775669,617.456061933567,834.134207951691,1055.8800411599,1405.82237444554,1783.62231287847,1715.42239973641,1883.45598002963,1992.51677784629,2198.93929063878,2413.27650109593,2482.39995573606,2834.89033966815,3554.60600894471,4748.64064406123,5817.06556721983,6609.99728316175,7636.9480638849,8126.66206183629,8884.91946408987,10385.3904572997,12564.7243743092,13402.994604707,12398.4904543462,8281.71948271445,10672.4475586765,12257.0206622345,11561.2071745115,13165.08362497,14672.8057539465,16496.1316167114,19402.5026259549,21743.4774514254,24086.4104391677,21350.427979823,19143.8516053025,23079.2601257735,25097.595426845,25459.1689000965,27179.5170146052,29252.9312377352,28737.4391706499,29280.4403170048,31600.7358741365,33447.1562836166,31902.4169048194,31721.2989141857,35125.5224984723,32394.6833725203,33121.3712885508
KWT,,,4748.39284354226,4444.5230858112,4378.78429775998,4023.99037772478,4176.11038180964,3887.34562038245,3871.94559219275,3694.96497750415,3551.58710706336,4485.60842678202,4835.69104574325,5532.43234039128,12526.6031710726,10881.7216440289,11141.1981409668,11237.7967179507,11567.0653748784,17385.8942886966,19031.9051902,15825.191918191,12978.8949980867,11965.3390511088,11918.6168925905,11321.663553949,9076.70885221848,10895.6500280404,9692.34754600725,10964.6929080372,10937.5415268808,8147.10807329839,12146.19505586,14317.7209419057,14929.7441110335,16168.165602374,18201.0958607918,16977.3895620399,14066.9509572183,15853.6264423466,19296.3471698729,17374.2318664227,18512.7523035862,22690.655175144,27552.2827399787,36122.6142741227,42946.6374104066,45709.4132876371,55585.1889344442,37907.1001320042,39212.2726673435,49169.6063983139,52155.2225460479,49651.0439709448,44368.781373043,29882.2126867068,27323.6890643847,29047.6535822842,32067.9623689512,31707.8737464917,25236.0755520534,34043.542153557,40077.238047746,33729.7985494456
PRK,,,,,,,,,,,,,,,,,,,,,,,,,,,,,,,,,,,,,,,,,,,,,,,,,,,,,,,,,,,,,,,,
PYF,,,,,,1838.57638129761,2171.35978202717,2150.61571935477,2440.8345277325,2206.35343555808,2228.19051620548,2516.98260839219,2678.18747088327,3425.44252890097,4273.16745814336,5149.93762191732,5302.06138605756,5573.60451054244,6848.95100426122,8016.36524403648,8438.72682447341,7645.18391267409,7416.30736944627,7477.03464924524,7511.32179070332,8002.08427164997,11913.8267538469,14061.3873698969,13952.8382782589,13682.8412939782,16293.1823294474,16414.8132696888,17554.3737937032,16469.7751983669,16806.0592491122,18850.3149185956,18475.7253329475,16423.0214308681,16759.7141702526,16532.9022343754,14978.324104668,14640.9360062298,16004.0583292112,19582.8936395312,21764.2203208782,21984.1936230719,22330.8676659055,24888.1781337361,26592.0262835732,24434.2197555208,22494.806706186,22831.5185348524,20846.5457478364,21955.6329264095,22258.6321384251,19166.9594761931,19690.0775734589,20826.9312492172,21925.616043938,21582.5892046801,20746.2720428286,21982.9038942614,20738.6499971661,
SLV,,,,,,274.333279365994,282.44637356687,288.374280393621,290.096510171735,293.416580804896,308.798853901934,315.665399785976,328.509448039035,366.250658952563,413.403476363207,457.260871327372,552.994933864727,683.90258566335,711.852264187957,773.066953129952,787.149605473724,752.024012607538,735.360954743528,744.863912246485,763.168218110743,776.424283705702,755.425135831439,777.239402479086,806.392353256927,825.105232536306,892.18271519703,955.826897421092,1040.78164082019,1180.26854267621,1343.9290572544,1548.3763038362,1651.31016800895,1748.92111971129,1859.73085887742,1908.0804545224,1982.87093542615,2058.04459070452,2115.41187355626,2207.83089518069,2285.68907438892,2447.39140845394,2665.61807194853,2830.65693770733,2983.24829577976,2910.18651752011,3040.07300952878,3330.60049486653,3497.91256915509,3582.26694005169,3666.01248913873,3790.34089108162,3901.34014965811,4020.12671373919,4183.54620971358,4320.11671534627,3997.19279583709,4642.60743101342,5093.51833879776,5391.06926181338
SWZ,101.572799813694,121.795718753065,127.095766410182,146.391131380777,171.608409764479,180.977225619081,192.744540046073,182.773359711151,190.386590098492,245.233981580731,254.161125489597,301.119152172814,315.028466244508,463.251615844177,536.161003835798,567.884816620216,520.799625738095,562.711578492044,609.960650013647,713.953305118319,908.375601827987,925.368712517647,843.043006864844,842.750203378801,726.345118603826,509.885951472336,611.298158219647,764.752134047322,865.25154443731,831.847150129225,1277.69173005665,1273.01224518903,1361.8169795148,1397.26593317978,1461.36400128736,1750.75400773784,1619.19119707662,1705.39874942229,1546.51519325373,1501.66426653189,1668.9749133064,1467.5389023828,1351.86550182919,2060.18418135789,2581.24172793045,2945.36394872311,3035.06156119205,3180.86121498525,2999.82816920508,3239.7578007877,3992.95199562618,4312.34243414155,4347.99569336631,3910.0639762073,3740.69277623691,3393.53367834668,3223.92004062357,3831.42595273032,3986.10557163026,3894.32951592818,3442.3216527415,3926.48687364215,3852.08573272946,3610.60879677551
TCD,102.819470459603,107.320380491931,112.619958010844,114.710860761079,118.594106789032,123.56227611622,125.779460124418,128.209999741615,126.87277490154,129.175848997716,125.882078424937,131.816410865026,150.369805704401,162.371866237422,159.998978775959,207.476255156215,203.713116730324,215.935450416974,252.511381682505,222.914738532944,228.770491876017,193.971579541809,176.083750783324,167.180974589951,182.175880946335,202.710985101435,203.354449515341,213.931729919066,263.544647841815,246.355378549117,290.599045262191,302.487268390603,290.648286132566,220.729964903293,173.928895064035,203.964852705041,216.912541056484,201.384076969355,219.779530915601,186.638531146223,163.121663683369,194.32295331156,219.061391951349,289.087621122168,445.850767157087,643.807929251964,693.854591777338,780.581405973967,905.678431905648,781.143474044293,866.439680905028,954.316872911808,936.141444963822,946.129583097771,982.527563074226,747.588448455507,668.078636142918,640.117048532702,695.642393675941,678.142035723965,622.095543396442,660.747192555507,671.720147647873,680.639877912029
VGB,,,,,,,,,,,,,,,,,,,,,,,,,,,,,,,,,,,,,,,,,,,,,,,,,,,,,,,,,,,,,,,,
