Economy_Code,Economy_Label,1995_US_at_current_prices_per_capita_Value,1996_US_at_current_prices_per_capita_Value,1997_US_at_current_prices_per_capita_Value,1998_US_at_current_prices_per_capita_Value,1999_US_at_current_prices_per_capita_Value,2000_US_at_current_prices_per_capita_Value,2001_US_at_current_prices_per_capita_Value,2002_US_at_current_prices_per_capita_Value,2003_US_at_current_prices_per_capita_Value,2004_US_at_current_prices_per_capita_Value,2005_US_at_current_prices_per_capita_Value,2006_US_at_current_prices_per_capita_Value,2007_US_at_current_prices_per_capita_Value,2008_US_at_current_prices_per_capita_Value,2009_US_at_current_prices_per_capita_Value,2010_US_at_current_prices_per_capita_Value,2011_US_at_current_prices_per_capita_Value,2012_US_at_current_prices_per_capita_Value,2013_US_at_current_prices_per_capita_Value,2014_US_at_current_prices_per_capita_Value,2015_US_at_current_prices_per_capita_Value,2016_US_at_current_prices_per_capita_Value,2017_US_at_current_prices_per_capita_Value,2018_US_at_current_prices_per_capita_Value,2019_US_at_current_prices_per_capita_Value,2020_US_at_current_prices_per_capita_Value,2021_US_at_current_prices_per_capita_Value,2022_US_at_current_prices_per_capita_Value,2023_US_at_current_prices_per_capita_Value
4,Afghanistan,190,176,163,152,137,175,178,200,215,234,265,287,386,389,434,535,611,648,629,595,553,525,533,513,512,511,379,349,336
8,Albania,734,986,689,796,1010,1102,1247,1390,1784,2316,2618,2916,3532,4304,4067,4072,4428,4234,4394,4556,3928,4093,4492,5237,5339,5280,6292,6690,8184
12,Algeria,1474,1613,1625,1600,1593,1769,1757,1790,2109,2615,3117,3481,3948,4911,3866,4455,5420,5553,5460,5454,4147,3918,4080,4115,3967,3309,3652,4220,4454
20,Andorra,23337,24206,23090,23455,23875,21756,23491,26404,33987,38951,40814,43429,48272,48934,43799,42705,46596,41503,42458,44311,38639,40103,40673,42820,41258,37361,42426,42356,46010
24,Angola,485,616,698,568,525,754,713,882,993,1266,1916,2617,3141,4103,3137,3597,4616,5086,5225,5365,4127,3465,4039,3238,2568,1639,2024,3180,2392
660,Anguilla,10679,10979,11963,13157,13587,13442,13505,13488,14376,16664,18668,22703,27975,27607,21686,20062,21416,20937,21265,22675,23261,22364,19484,21904,25415,17412,20793,31939,35374
28,Antigua and Barbuda,8466,9104,9579,10052,10401,10463,10172,10418,10785,11412,12749,14255,15940,16524,14593,13463,13177,13751,13416,14079,14950,15968,16226,17649,18338,15440,16898,19068,21607
32,Argentina,7976,8307,8833,8911,8355,8280,7743,2908,3655,4275,5116,5916,7241,9045,8233,10329,12704,13790,14403,13180,14833,12700,14533,11753,9956,8536,10768,13899,14247
51,Armenia,415,519,538,629,621,652,732,829,985,1262,1738,2277,3300,4202,3131,3369,3700,3634,3805,3973,3613,3613,3955,4281,4690,4373,4835,6774,8159
533,Aruba,18229,18424,19792,20831,20878,21107,21001,21469,22144,24190,25045,25891,27723,29068,25789,24508,26122,25699,26598,26998,28439,28422,29248,30782,31714,23826,28851,32888,35627
36,Australia,21669,23798,23633,20887,22610,21436,20203,22267,28275,33951,37614,39827,47106,49512,46702,58773,68868,69659,66463,62069,52042,53756,57163,58002,54140,55841,67524,67806,67569
40,Austria,30320,29804,26699,27355,27168,24560,24537,26404,32217,36816,38396,40627,46845,51700,47950,46849,51365,48558,50707,51709,44171,45270,47423,51460,50062,48765,53451,51883,56864
31,Azerbaijan,399,406,499,554,566,645,692,749,866,1022,1541,2409,3744,5463,4896,5784,7125,7432,7803,7812,5442,3837,4100,4693,4765,4193,5357,7646,7393
44,Bahamas,17132,19142,20368,21667,24041,24940,25372,26782,26429,26650,28602,29185,30052,29392,27513,27473,27091,28552,27888,29065,30390,30739,31988,33159,34405,24641,29083,32443,34579
48,Bahrain,11441,11599,11723,10945,11583,13535,12824,12754,13651,15090,17123,18605,20550,22942,19380,21194,23847,25281,25883,25432,22670,22548,23936,25241,26018,23345,26171,28943,28578
50,Bangladesh,309,319,324,329,339,338,332,340,367,392,398,478,549,636,715,809,880,926,1113,1266,1435,1641,1782,1933,2119,2246,2474,2554,2438
52,Barbados,8766,9338,9866,11123,11652,12028,11993,12117,12443,13277,14646,15620,17229,17547,16290,16462,16863,16660,16875,16913,16968,17322,17819,18205,18993,16822,17449,20190,22179
112,Belarus,1405,1475,1440,1561,1250,1078,1285,1528,1880,2458,3231,3977,4895,6591,5351,6030,6520,6941,7980,8320,5951,5024,5763,6332,6826,6563,7531,7944,7856
56,Belgium,28413,27488,24820,25337,25243,23040,22994,24888,30586,35365,36794,38669,44261,48110,44513,43976,47347,44671,46741,47696,40988,41979,44193,47539,46635,45603,51919,50047,54222
84,Belize,4000,4033,4005,4115,4277,4712,4703,4844,4941,5132,5248,5503,5739,5690,5379,5430,5557,5680,5918,6091,6159,6144,6074,6030,6186,5240,6133,7028,7530
204,Benin,377,432,435,494,525,486,492,544,674,757,779,808,911,1056,1020,972,1058,1072,1169,1203,1002,1011,1055,1152,1131,1200,1319,1264,1366
60,Bermuda,42952,45375,48735,51625,54396,56543,59490,63359,67107,71692,77628,85433,96573,103922,102640,104133,99069,100234,101704,100981,104873,108770,112003,113227,115798,106973,112712,116542,122951
64,Bhutan,528,557,638,633,690,736,780,860,975,1080,1204,1304,1722,1789,1778,2206,2505,2483,2421,2601,2756,2997,3435,3400,3577,3192,3570,3712,3820
68,Bolivia (Plurinational State of),853,922,970,1022,979,976,930,888,893,953,1020,1203,1355,1693,1731,1930,2316,2576,2870,3041,2996,3036,3306,3501,3504,3100,3385,3644,3720
70,Bosnia and Herzegovina,535,713,944,1037,1138,1338,1388,1607,2034,2453,2740,3166,3931,4842,4540,4506,4983,4694,5035,5206,4662,4929,5345,6048,6122,6130,7295,7637,8529
72,Botswana,3156,3156,3194,2981,3340,3451,3206,3104,4193,4892,5304,5286,5529,5503,5083,6216,7287,6614,6667,7122,6141,6749,7105,7408,7159,6311,7802,8341,8227
76,Brazil,4833,5199,5314,5071,3478,3767,3176,2856,3091,3664,4828,5934,7410,8908,8679,11403,13397,12522,12459,12275,8936,8836,10081,9301,9069,7074,7872,9130,10144
92,British Virgin Islands,25413,28039,31783,35676,38954,42371,44480,41885,36735,37233,41983,44742,47134,45413,39415,40381,37402,36805,35705,36479,37154,41495,40053,40018,41589,38474,38618,38394,40561
96,Brunei Darussalam,18013,19003,18858,14365,15956,20371,18618,19038,20961,24717,29426,34854,36591,42215,30893,34938,46383,46969,44003,41027,30625,26663,28024,30988,30427,26834,31007,36633,32727
100,Bulgaria,2272,1483,1377,1847,1690,1656,1789,2086,2709,3375,3882,4500,5856,7230,6948,6815,7816,7421,7684,7902,7073,7566,8362,9443,9875,10125,12220,13216,15126
854,Burkina Faso,260,276,254,284,293,248,259,284,362,403,441,455,514,617,599,624,724,732,760,764,630,664,709,777,772,842,909,852,900
108,Burundi,165,143,160,144,128,110,100,92,85,93,147,162,166,190,198,217,230,231,235,251,254,261,287,280,275,274,289,303,321
132,Cabo Verde,1334,1349,1296,1359,1520,1353,1408,1550,2029,2304,2424,2765,3327,3912,3690,3580,4000,3758,3962,3982,3414,3609,3893,4295,4409,3649,4049,4454,4970
116,Cambodia,330,325,298,260,286,294,315,334,357,403,468,533,624,737,729,775,871,940,1004,1085,1155,1263,1380,1510,1644,1547,1588,1715,1837
120,Cameroon,832,827,783,799,796,707,715,786,986,1131,1142,1190,1324,1486,1456,1397,1512,1449,1575,1647,1414,1442,1496,1611,1555,1556,1684,1605,1717
124,Canada,20569,21185,21790,20904,22170,24109,23676,24120,28130,31951,36164,40274,44386,46427,40638,47293,51883,52364,52339,50612,43271,42039,44814,46263,46149,43163,52049,55071,53972
136,Cayman Islands,52190,54304,56812,71757,75030,75670,74954,75552,75818,77368,85701,87652,89890,89656,81373,76837,75281,75102,75114,75845,76379,77802,80054,83866,88254,82220,85987,87736,91419
140,Central African Republic,349,307,278,279,280,250,249,259,291,317,329,351,393,446,455,476,533,544,364,409,366,387,432,455,449,462,492,470,504
148,Chad,232,248,229,252,211,185,221,248,326,506,647,711,790,962,861,989,1151,1227,1192,1233,983,865,854,951,917,868,920,910,913
152,Chile,5169,5359,5779,5468,4966,5055,4556,4420,4748,6132,7521,9376,10413,10668,10135,12719,14537,15247,15739,14585,13515,13710,14927,15635,14507,13118,16278,15378,16938
156,China,602,702,775,823,868,954,1047,1143,1283,1502,1745,2088,2678,3444,3800,4504,5552,6230,6940,7548,7923,8001,8716,9792,10031,10299,12493,12604,12491
344,"China, Hong Kong SAR",23417,25342,27639,25897,25054,25604,25007,24386,23529,24549,26282,27923,30352,31233,30299,32195,34791,36471,37952,39820,42000,43313,45840,48417,48502,46052,49289,48198,50763
446,"China, Macao SAR",17673,17632,17509,16078,15218,15491,15412,16165,17581,22072,24545,29237,35307,39235,39287,50180,64009,73521,86075,89960,72404,71055,77927,83778,82093,37103,44599,34134,42527
158,"China, Taiwan Province of",12959,13473,13858,12697,13684,14807,13333,13623,14004,15252,16388,16865,17686,18015,16872,19130,20795,21229,21905,22806,22717,23025,24996,25749,25825,28448,32929,32528,32445
170,Colombia,3060,3156,3404,3088,2659,2539,2457,2414,2297,2800,3457,3786,4769,5535,5249,6400,7401,8114,8280,8184,6248,5962,6480,6817,6474,5334,6223,6648,6910
174,Comoros,985,962,870,869,882,787,833,914,1154,1312,1328,1383,1288,1449,1405,1385,1529,1490,1603,1614,1329,1365,1424,1541,1519,1526,1584,1494,1579
178,Congo,894,1005,889,759,871,1150,928,994,1119,1429,1798,2102,2204,2821,2262,2944,3392,3733,3696,3596,2438,2093,2212,2694,2488,1994,2501,2543,2543
184,Cook Islands,6500,6527,6080,5471,6070,6307,6893,8107,11093,12916,13164,13480,14628,14108,13085,14184,15581,16952,16427,18221,17320,17878,20274,21855,22121,18116,16268,19680,21774
188,Costa Rica,3273,3227,3408,3617,3691,3813,3985,4068,4173,4431,4704,5256,6138,6937,6833,8266,9276,10127,10803,10911,11715,12091,12317,12590,12885,12394,12770,13456,16692
384,Cote d'Ivoire,748,786,730,759,730,604,616,662,800,845,851,866,967,1126,1104,1168,1244,1342,1621,1886,1813,1863,1964,2131,2125,2178,2423,2304,2481
191,Croatia,4902,5262,5334,5788,5388,5041,5408,6290,8132,9748,10625,11814,14085,16485,14725,14136,14844,13498,13945,13876,12036,12697,13838,15521,15671,14569,17631,18314,21326
192,Cuba,2785,2282,2306,2332,2562,2751,2843,3005,3203,3399,3786,4676,5192,5385,5496,5694,6151,6471,6828,7147,7734,8111,8611,8911,9232,9605,11391,13309,19529
531,Curacao,,,,,,,,,,,,,,,,,18479,18726,18598,18539,18359,18028,18001,16777,15965,13698,14783,16592,18520
196,Cyprus,,,,,,,,,,,,,,,,,,,,,,,,,,,,,
203,Czechia,5833,6545,6049,6508,6357,6039,6627,8027,9766,11676,13341,15165,18397,22818,19905,19980,21872,19877,20139,19906,17866,18636,20740,23604,23927,23315,26759,27220,30667
200,Czechoslovakia,,,,,,,,,,,,,,,,,,,,,,,,,,,,,
408,Dem. People's Rep. of Korea,214,462,447,441,437,448,463,456,459,460,534,561,583,539,484,558,625,631,654,683,637,653,673,674,627,606,639,576,
180,Dem. Rep. of the Congo,201,202,205,208,179,165,160,162,161,181,204,238,268,307,281,315,365,400,431,458,468,480,432,524,509,472,533,611,621
208,Denmark,35352,35651,32836,33368,33441,30743,30751,33228,40459,46511,48799,52026,58485,64320,58163,58040,61751,58504,61187,62545,53253,54662,57608,61590,59591,60835,69268,67792,68801
262,Djibouti,805,766,731,712,725,731,738,742,766,804,844,898,970,1093,1200,1337,1533,1764,2074,2210,2397,2524,2623,2727,2908,3098,3301,3521,3636
212,Dominica,3952,4211,4372,4664,4817,4867,4982,4874,5010,5349,5299,5672,6120,6654,7102,7172,7256,7031,7148,7392,7680,8278,7602,8138,9009,7497,8263,9159,9833
214,Dominican Republic,1996,2126,2404,2512,2588,2791,2891,2898,2270,2442,3849,4061,4630,4978,4958,5413,5813,6023,6147,6512,6819,7173,7500,7935,8164,7162,8472,10110,10627
218,Ecuador,2107,2135,2340,2283,1575,1444,1895,2173,2425,2689,2998,3323,3560,4238,4217,4613,5173,5646,6018,6344,6104,6055,6223,6309,6235,5659,6004,6455,6512
818,Egypt,1002,1103,1192,1246,1285,1309,1215,1135,951,996,1165,1303,1568,1920,2148,2406,2537,2968,2840,3086,3190,2659,1882,2363,2951,3399,3838,3634,2890
222,El Salvador,1548,1651,1749,1860,1908,1983,2058,2115,2208,2286,2447,2666,2831,2983,2910,3040,3331,3498,3582,3666,3790,3901,4020,4184,4320,3999,4708,5173,5411
226,Equatorial Guinea,377,573,1060,854,1375,2148,2944,3404,4361,6246,8993,10185,12617,18211,13233,13707,17176,17310,16299,15528,9062,7453,7809,8102,6804,5884,6976,6525,5672
232,Eritrea,316,352,363,371,359,314,325,305,349,427,413,347,372,328,449,540,689,742,637,841,648,696,604,628,612,642,660,699,761
233,Estonia,3081,3334,3626,4018,4107,4074,4506,5341,7203,8913,10410,12645,16741,18184,14718,14672,17466,17405,19052,20236,17406,18282,20437,23166,23426,23593,27927,28183,29496
748,Eswatini,1960,1812,1914,1740,1679,1669,1468,1352,2060,2581,2945,3035,3181,3000,3240,3993,4312,4348,4069,3892,3552,3320,3800,3991,3810,3339,3931,3550,3487
231,Ethiopia,132,138,139,122,112,119,115,107,115,131,155,186,229,299,320,291,327,441,473,536,607,676,700,712,800,813,813,949,1208
230,Ethiopia (...1991),,,,,,,,,,,,,,,,,,,,,,,,,,,,,
280,Federal Republic of Germany,,,,,,,,,,,,,,,,,,,,,,,,,,,,,
242,Fiji,2467,2648,2574,2010,2328,1996,1945,2137,2656,3097,3378,3455,3763,3900,3164,3450,4134,4341,4573,5293,5097,5364,5827,6085,5951,4844,4696,5416,5920
246,Finland,26270,25783,24690,26009,26176,24285,24946,26871,32854,37705,39039,41186,48412,53556,47291,46460,51082,47711,49877,50259,42783,43783,46411,49986,48629,49169,53559,50727,54276
250,France,27512,27505,24807,25573,25262,22901,22977,24771,30299,34586,35636,37365,42559,46487,42627,41670,44896,41896,43659,44088,37559,37969,39751,42597,41517,40170,44782,41874,45699
258,French Polynesia,19902,18894,17780,18222,17754,15632,15129,15867,19562,21721,21975,22311,24855,26485,24336,22473,22802,20848,21949,22229,19159,19677,20827,21926,21583,20746,21983,20739,22166
266,Gabon,4914,5501,5038,4138,4153,4450,3957,4017,4744,5518,6545,6841,7993,9650,7261,8349,10206,9298,9195,9189,7042,6677,6922,7624,7441,6594,8506,8282,7872
270,Gambia,1033,1083,998,1014,956,894,764,626,513,593,616,615,725,859,775,801,711,693,654,568,620,642,643,696,738,720,795,846,881
268,Georgia,577,670,787,831,661,743,805,865,1028,1329,1675,2039,2697,3415,2890,3143,3905,4295,4513,4647,3944,3993,4282,4638,4603,4175,4916,6484,7845
276,Germany,31524,30358,26848,27301,26863,23756,23728,25207,30398,34221,34684,36621,42080,45989,41979,42018,46309,43592,46060,47728,40891,41898,44412,47673,46544,46488,51119,48485,52767
288,Ghana,788,826,801,849,855,538,559,631,760,862,1014,1173,1386,1557,1383,1672,2007,2076,2326,1951,1744,1913,2013,2196,2187,2197,2446,2225,2297
300,Greece,13013,13799,13476,13529,13903,12216,12560,14126,18493,21972,22563,24809,28833,32001,29706,26683,25441,21908,21777,21586,18077,17913,18584,19761,19149,17616,20291,20868,23670
304,Greenland,23658,23368,20885,22378,22029,20763,21041,22575,27462,32026,32481,35390,39622,44106,44761,44215,47233,45963,47510,50595,44610,48289,50857,54496,53443,54973,57740,52261,55930
308,Grenada,2679,2853,3051,3329,3560,4840,4820,4984,5428,5480,6337,6344,6865,7448,6933,6910,6947,7093,7425,7986,8694,9221,9751,10083,10463,8969,9622,10203,11086
320,Guatemala,1247,1308,1437,1528,1407,1447,1538,1670,1722,1842,2046,2226,2459,2764,2612,2806,3170,3286,3444,3689,3894,4060,4325,4353,4512,4477,4890,5323,5625
324,Guinea,696,708,678,607,575,507,477,470,537,555,439,447,650,704,662,659,637,699,748,765,747,713,834,933,1031,1054,1152,1483,1660
624,Guinea-Bissau,714,469,354,316,335,294,301,317,361,394,425,418,480,581,542,542,683,599,617,605,586,644,719,743,694,694,769,748,835
328,Guyana,1307,1479,1567,1499,1449,1486,1612,1785,1984,2284,2600,3136,3608,4009,4209,4582,4947,5444,5557,5473,5640,5871,6179,6048,6406,6776,9861,17913,21839
332,Haiti,500,565,631,749,835,766,737,669,557,708,770,825,1008,1061,1171,1225,1305,1349,1452,1441,1350,1255,1411,1435,1267,1472,1674,1630,1875
340,Honduras,823,825,927,1007,1011,1093,1132,1133,1157,1215,1305,1426,1578,1732,1781,1893,2074,2126,2081,2180,2271,2307,2413,2465,2523,2355,2769,3031,3254
348,Hungary,4499,4529,4601,4751,4802,4634,5287,6668,8437,10324,11247,11514,13971,15806,13105,13245,14270,12990,13720,14300,12722,13109,14625,16427,16788,16127,18757,18312,21864
352,Iceland,26629,27610,27913,31023,32374,32088,28889,32400,39465,47320,56776,57476,69477,56925,41287,43221,47696,45978,49786,54556,52930,61963,71983,74424,68426,58824,68687,73785,78562
356,India,387,402,426,422,445,450,455,467,537,619,713,801,995,1049,1073,1343,1484,1455,1479,1557,1617,1704,1930,2010,2055,1908,2245,2431,2491
360,Indonesia,,,,,,,,,1111,1200,1318,1659,1941,2262,2362,3066,3579,3632,3567,3441,3288,3521,3799,3861,4107,3854,4287,4731,4874
960,Indonesia (...2002),1178,1303,1217,530,767,812,779,936,,,,,,,,,,,,,,,,,,,,,
364,Iran (Islamic Republic of),1838,1997,1837,1753,1804,1680,1802,2206,2256,2705,3187,3707,4844,5700,5747,6766,8287,8170,7182,5796,5050,5561,5924,3682,3590,3730,4051,4446,4633
368,Iraq,234,397,420,520,878,968,982,938,864,1329,1759,2265,3129,4268,4280,4462,5776,6478,6650,6249,4440,4331,4759,5647,5672,4296,4822,5995,5621
372,Ireland,19149,20830,22563,24305,26341,26287,28282,32581,41148,47718,50969,54342,61391,61154,51943,48628,52157,48940,51473,55673,62147,62766,70109,79362,80862,86021,102098,104191,106280
376,Israel,19666,20887,21119,20787,20378,22292,21505,19577,20193,21149,21864,23191,26437,31140,29482,32564,35792,34559,38408,39773,37592,39094,42721,44083,46163,46786,54759,57673,54766
380,Italy,20464,22961,21716,22198,21872,19972,20364,22131,27262,30997,31741,33152,37392,40277,36577,35470,37967,34479,35304,35592,30308,31016,32485,34705,33449,31670,36085,34334,37499
388,Jamaica,2631,2929,3297,3419,3432,3453,3504,3681,3550,3808,4184,4417,4716,5030,4428,4810,5233,5341,5132,4975,5066,5010,5259,5578,5607,4879,5165,6022,6680
392,Japan,44127,39082,35579,32386,36561,39112,34376,32811,35400,38283,37771,35951,35755,39847,41262,44928,48660,49030,40809,38412,34924,39349,38806,39719,40395,39973,39828,33858,33674
400,Jordan,1461,1454,1481,1580,1593,1620,1683,1760,1831,2001,2153,2416,2584,3242,3436,3718,3947,4170,4311,4191,4043,3987,4066,4145,4170,4011,4077,4216,4323
398,Kazakhstan,1229,1281,1382,1415,1092,1180,1422,1574,1958,2722,3577,5030,6449,8124,6938,8793,11287,12019,13478,12428,10196,7476,8943,9472,9457,8782,9984,11255,12797
404,Kenya,553,550,583,610,541,517,516,507,557,583,658,767,920,1003,1048,1092,1096,1294,1371,1483,1489,1554,1667,1836,1960,1928,2061,2091,1921
296,Kiribati,856,997,952,881,889,843,718,799,1000,1065,1144,1104,1303,1353,1244,1429,1633,1689,1621,1542,1458,1507,1565,1607,1416,1409,1772,1714,1695
412,Kosovo,,,,,,,,,,,,,,2877,2795,2985,3534,3412,3705,3906,3538,3791,4061,4457,4501,4416,5405,5470,6244
414,Kuwait,15792,18201,16978,14068,15854,19296,17374,18513,22690,27551,36122,42947,45710,55585,37907,39212,49170,52156,49652,44372,29883,27324,29049,31966,30659,24078,31505,38210,32623
417,Kyrgyzstan,317,382,365,334,251,273,301,314,372,425,469,537,716,962,869,873,1108,1160,1265,1266,1113,1115,1238,1304,1366,1168,1282,1571,1717
418,Lao People's Dem. Rep.,376,387,353,255,284,333,331,340,383,446,502,605,755,932,970,1155,1386,1563,1806,1979,2116,2288,2432,2545,2589,2602,2559,2032,2049
428,Latvia,2175,2431,2683,2973,3151,3361,3576,4135,5143,6376,7591,9721,14111,16463,12331,11423,13453,13848,15003,15719,13779,14320,15692,17861,17879,18090,20918,21730,22674
422,Lebanon,2905,3379,3796,4044,3997,3852,3877,4192,4376,4601,4602,4635,5125,5912,7091,7626,7835,8407,8162,7578,7714,8089,8608,9175,8967,6841,6421,6842,
426,Lesotho,458,454,490,428,427,410,376,351,520,667,747,783,861,898,879,1119,1281,1218,1150,1174,1121,992,1069,1170,1082,918,1064,1001,940
430,Liberia,96,111,173,191,218,220,212,222,170,204,214,234,259,288,293,318,364,397,433,450,573,580,570,555,512,482,544,608,652
434,Libya,5766,6273,6554,5816,6447,7252,6303,4050,4840,6126,8338,10049,11145,13906,9551,11601,7594,14976,11952,8926,7458,7526,9966,11197,9963,6649,5467,5612,5797
438,Liechtenstein,86851,86362,80361,84866,90033,82964,82404,88128,99715,111097,116634,126493,144472,158563,139481,156145,175024,164893,173170,179142,167607,165819,171052,175526,167431,165240,197479,197318,216210
440,Lithuania,1847,2329,2832,3168,3114,3292,3524,4140,5499,6700,7860,9229,12283,14958,11819,11989,14390,14370,15723,16560,14254,14994,16880,19180,19609,20375,23904,25162,27283
442,Luxembourg,51083,50498,46695,47505,50922,48557,48373,52731,65512,76374,80920,90664,107271,119853,108893,110678,118815,112591,119967,123523,105432,106554,110164,116758,112697,116872,133668,124796,129363
450,Madagascar,261,320,275,280,270,273,309,291,352,272,305,325,420,513,446,450,506,494,515,506,445,454,492,500,500,451,490,491,492
454,Malawi,244,287,297,298,290,278,268,294,263,278,285,303,327,381,430,469,551,402,379,437,481,406,496,533,581,603,624,611,632
458,Malaysia,4369,4837,4686,3295,3528,4084,3944,4184,4465,4939,5556,6158,7169,8372,7191,8899,10217,10601,10714,11013,9649,9477,9863,10902,10920,9954,10880,11711,11835
462,Maldives,2207,2437,2695,2811,3015,3142,3094,3132,3549,4070,3797,5019,5758,6757,6734,7174,7425,7461,8236,8939,9645,9948,10510,11423,11740,7394,10180,11774,12980
466,Mali,279,302,270,300,306,256,291,317,371,416,461,493,563,653,660,670,788,734,759,798,704,731,776,835,820,804,862,816,863
470,Malta,9675,9862,9710,10185,10384,10176,10150,11023,13346,14843,15498,16378,19117,21698,20665,21358,22670,22180,24619,26722,24916,25611,28819,31791,31730,29434,34493,34270,40054
584,Marshall Islands,2592,2383,2233,2256,2259,2266,2395,2567,2542,2567,2652,2746,2880,2805,2896,3080,3305,3498,3660,3719,3750,4207,4571,4843,5274,5660,6274,6978,7773
478,Mauritania,1025,1017,967,821,781,681,652,649,732,850,999,1301,1405,1636,1435,1660,1931,1859,1934,1710,1555,1566,1615,1723,1805,1827,2111,2256,2303
480,Mauritius,3684,3987,3737,3688,3761,4002,3930,4096,4890,5496,5389,5562,6420,7838,7138,7799,8955,9051,9522,10119,9292,9749,10625,11433,11223,8885,8969,10107,10902
484,Mexico,4184,4674,5567,5833,6500,7524,7953,7983,7434,7850,8672,9513,10134,10524,8424,9729,10664,10744,11217,11391,10021,9098,9649,10085,10378,8839,10287,11378,13811
583,Micronesia (Federated States of),2013,1976,1861,1971,1975,2081,2135,2147,2181,2149,2250,2288,2337,2416,2596,2761,2891,3033,2934,2945,2911,3046,3349,3657,3736,3678,3620,3809,4109
492,Monaco,96937,96530,86724,89157,88141,80331,81189,88211,108800,125342,130487,142955,184317,203441,168471,161697,179129,165456,184887,195414,170284,173335,170690,188249,193758,177126,223897,225324,271243
496,Mongolia,737,695,615,561,518,537,593,648,733,908,1141,1532,1883,2475,1994,2661,3792,4397,4412,4197,3904,3677,3698,4160,4395,4046,4577,5064,5871
499,Montenegro,,,,,,,,,,,,,,7183,6576,6548,7173,6452,7051,7266,6452,7007,7832,8943,9061,7864,9705,10136,11624
500,Montserrat,8360,7223,6325,6236,6543,7147,7829,8899,9198,9765,10749,11263,11696,12274,12546,11579,13210,13228,12515,12514,13135,13548,12963,13590,14821,14829,15750,16228,16858
504,Morocco,1467,1605,1442,1522,1490,1369,1376,1455,1770,1998,2060,2241,2534,2960,2966,2970,3222,3117,3383,3483,3190,3186,3344,3553,3560,3317,3838,3507,3788
508,Mozambique,192,244,288,320,354,327,305,314,339,400,437,457,508,592,548,496,618,686,687,697,611,441,471,518,519,462,510,564,621
104,Myanmar,195,200,207,134,147,161,167,224,213,218,252,290,379,534,677,845,1171,1224,1236,1308,1224,1234,1243,1325,1364,1508,1343,1213,1336
516,Namibia,2483,2423,2460,2235,2178,2157,1916,1772,2569,3403,3696,4015,4385,4200,4328,5425,5866,5931,5399,5373,4774,4396,5141,5309,4732,3879,4428,4363,4147
520,Nauru,3429,3314,3033,2353,2413,2136,1879,1891,2396,2746,2616,2531,2307,4151,5416,5902,8706,11740,11237,12365,9526,10598,11369,12042,11493,11651,13239,12537,12851
524,Nepal,204,207,224,207,223,233,236,236,258,292,331,362,443,476,522,672,767,750,760,811,851,869,1051,1130,1206,1134,1250,1326,1382
528,Netherlands (Kingdom of the),29058,28803,26507,27675,28035,25932,26646,28956,35362,40011,41606,44459,51262,57120,52027,50477,53652,49599,51684,52318,44733,45542,48158,52467,51900,51585,58074,56300,61884
530,Netherlands Antilles,12988,13677,14206,14472,14499,14992,15260,15292,15495,15691,15236,15870,16600,17809,17817,18204,,,,,,,,,,,,,
540,New Caledonia,18108,17592,16907,16615,16687,15292,14470,16029,20722,24432,25518,28168,35131,35580,33701,35764,38785,35562,36661,37767,30846,30776,32352,34903,33411,33270,35312,33516,35968
554,New Zealand,17187,18634,18349,15002,15623,14113,13903,15823,20860,25085,27744,26672,32485,31238,28198,33699,38399,39941,42863,44509,38592,40053,42919,43235,42682,41895,49578,47907,48951
558,Nicaragua,887,908,910,946,977,1014,1048,1011,1018,1095,1179,1248,1350,1524,1467,1527,1680,1785,1835,1958,2074,2132,2183,2035,1959,1931,2129,2328,2515
562,Niger,250,259,231,255,242,204,215,236,281,297,333,348,389,472,452,461,501,514,548,566,485,503,522,577,563,579,609,609,643
566,Nigeria,456,471,481,486,483,550,570,715,765,967,1215,1584,1798,2139,1801,2180,2394,2607,2844,3058,2594,2070,1876,2058,2265,2009,1972,2129,1589
807,North Macedonia,2355,2307,1932,1848,1886,1834,1795,1937,2376,2723,2995,3284,4004,4785,4563,4585,5143,4807,5373,5687,5082,5442,5826,6607,6643,6603,7563,7451,8162
578,Norway,34877,37324,36630,34805,36394,38179,38603,43172,50252,57771,67050,74437,85505,97506,80349,88165,101224,102178,103544,97664,74793,70846,76134,82795,76433,68343,90659,106184,86078
512,Oman,6798,7603,7974,7219,7915,9754,9612,9869,10464,11801,14435,16931,18793,26577,20656,23570,25188,24642,23458,23161,18808,17110,17820,19902,19180,16785,19596,24241,21604
582,"Pacific Islands, Trust Territory",,,,,,,,,,,,,,,,,,,,,,,,,,,,,
586,Pakistan,574,556,543,532,517,496,460,492,544,609,671,759,834,816,861,918,1102,1110,1134,1277,1367,1419,1510,1418,1265,1250,1430,1341,1241
585,Palau,6420,7467,7884,7987,7572,7708,8173,8287,8035,8747,9321,9662,10095,10429,9818,9960,10747,11988,12720,13727,15782,16803,16035,15992,15671,14156,12248,12707,13822
591,Panama,3372,3407,3612,3839,3944,3922,3909,3985,4120,4432,4743,5159,6195,7209,7657,8193,9514,10931,12155,13122,14019,14799,15678,16146,16464,13297,15512,17388,18482
590,"Panama, excluding Canal Zone",,,,,,,,,,,,,,,,,,,,,,,,,,,,,
598,Papua New Guinea,1575,1618,1492,1101,970,955,809,778,917,998,1125,1238,1371,1625,1569,1867,2288,2635,2561,2723,2485,2316,2478,2578,2576,2430,2608,3098,3007
600,Paraguay,2280,2417,2395,2091,1889,1801,1608,1556,1601,1930,2075,2503,3212,4385,3943,4751,5805,5642,6436,6652,5879,5775,6152,6258,5821,5365,5977,6172,6242
604,Peru,2192,2228,2301,2156,1917,1945,1930,2008,2130,2398,2707,3130,3582,4200,4182,5072,5861,6519,6747,6667,6232,6217,6736,6978,7036,6150,6747,7248,7885
608,Philippines,1200,1311,1273,983,1101,1051,970,1015,1027,1100,1220,1426,1713,1959,1864,2163,2384,2615,2781,2867,2910,2985,3038,3169,3401,3228,3484,3547,3796
616,Poland,3709,4176,4156,4558,4441,4502,4991,5207,5702,6684,8030,9052,11284,14044,11571,12487,13724,12948,13481,14088,12468,12284,13714,15397,15593,15704,17911,17927,20888
620,Portugal,11775,12181,11574,12201,12474,11505,11734,12884,15769,18036,18773,19818,22773,24835,23041,22487,23188,20568,21645,22063,19220,19938,21427,23468,23202,22085,24592,24465,27886
630,Puerto Rico,11708,12360,13046,14546,15458,16423,18406,19060,19936,21145,22150,23112,23790,24976,25806,26483,27242,27853,28405,28734,29353,30016,30679,30686,31972,31483,32697,35000,37179
634,Qatar,15823,17125,20523,17665,20234,27535,25871,27227,31602,41036,53950,62582,65954,80781,61662,73204,92645,97966,97768,92962,66633,58373,59518,66398,63037,51513,63848,81972,79575
410,Republic of Korea,12488,13370,12402,8292,10699,12320,11641,13261,14790,16629,19537,21939,24339,21659,19444,23459,25510,25775,27377,29370,28750,29243,31540,33399,31897,31708,35072,32326,33113
498,Republic of Moldova,480,463,531,472,329,365,424,482,580,771,899,1043,1371,1923,1761,1920,2365,2501,2786,2813,2372,2465,2979,3568,3771,3757,4528,4773,5443
642,Romania,1652,1638,1587,1871,1622,1690,1843,2116,2677,3503,4641,5801,8365,10344,8461,8321,9497,8886,9460,10002,8952,9369,10673,12415,12872,12962,14849,15688,18342
643,Russian Federation,2713,2667,2758,1848,1340,1783,2113,2384,2981,4110,5335,6937,9123,11662,8582,10698,14203,15304,15853,14209,9383,8758,10768,11318,11554,10201,12596,15390,13641
646,Rwanda,217,207,252,271,265,252,237,234,249,269,324,357,426,528,564,593,651,706,705,725,732,729,758,772,811,779,829,975,991
659,Saint Kitts and Nevis,7406,7788,8618,8702,9107,9668,10475,10851,10467,11383,12360,14449,15354,16605,16503,16623,17832,17549,18588,20242,20325,21415,22507,22909,23595,18872,18409,20964,23075
662,Saint Lucia,4987,5228,5253,5688,5911,5902,5513,5493,5918,6451,6767,7607,7933,8452,8239,8676,9129,9260,9578,10047,10333,10620,11329,11629,11796,7971,9933,12111,13078
670,Saint Vincent and the Grenadines,2870,3048,3243,3526,3688,3769,4071,4303,4500,4873,5157,5745,6398,6599,6464,6552,6528,6714,7072,7169,7354,7657,7988,8428,8743,8395,8481,9277,10236
882,Samoa,1154,1288,1391,1294,1310,1308,1344,1473,1784,2125,2389,2480,3538,3597,3267,3620,4000,3942,4026,4089,4091,4276,4292,4307,4350,3912,4010,3982,4512
674,San Marino,40533,46072,42936,45494,47542,42568,44271,47183,59452,68856,70959,74818,84853,92651,78522,69858,63848,53802,55473,54703,41852,42954,44465,47941,46640,44428,53668,52236,56851
678,Sao Tome and Principe,731,939,629,488,516,503,493,541,626,668,781,812,859,1082,1056,1086,1256,1333,1568,1773,1589,1706,1829,1976,2018,2191,2380,2416,2892
682,Saudi Arabia,10772,11456,11530,9836,10452,11715,10805,10586,11487,13155,15976,17564,18596,22320,17718,20996,25919,27413,26898,26436,22335,21681,23227,27880,27518,23693,27725,34441,32034
686,Senegal,713,723,640,661,677,602,637,666,816,916,979,1016,1187,1393,1303,1275,1373,1327,1379,1397,1217,1266,1357,1453,1431,1461,1601,1574,1764
688,Serbia,,,,,,,,,,,,,,7002,6082,5654,6688,5913,6651,6512,5525,5710,6246,7214,7395,7724,9229,9360,11122
891,Serbia and Montenegro,2183,2317,2226,2026,1431,1239,1648,2107,2734,3173,3359,3905,5160,,,,,,,,,,,,,,,,
690,Seychelles,7859,7650,8540,9106,9163,8964,8821,9759,9725,9521,10296,11247,11347,10537,9163,10382,10714,10908,13386,13259,13358,14282,14902,15511,15879,11464,12180,15892,16067
694,Sierra Leone,282,304,271,212,210,195,232,252,268,270,300,335,375,425,405,414,461,580,733,729,604,536,507,541,527,513,525,421,390
702,Singapore,24851,26277,26372,21974,21754,23809,21815,22315,23596,27568,29943,33725,39365,40280,39076,47234,53907,55748,57111,57690,55743,57195,61254,66888,66467,61990,76411,82619,80952
534,Sint Maarten (Dutch part),,,,,,,,,,,,,,,,,27317,30443,33371,36494,36481,36650,33063,31709,36147,30245,33308,37328,41140
703,Slovakia,3743,4038,4082,4246,3871,3851,3980,4614,6321,8022,9120,10634,14331,17983,16535,16891,18486,17508,18281,18707,16395,16563,17597,19499,19394,19566,21786,21067,24172
705,Slovenia,10741,10824,10464,11184,11463,10213,10493,11794,14874,17263,18130,19709,23833,27433,24742,23555,25145,22685,23537,24257,20918,21702,23559,26179,26104,25558,29256,28357,32399
90,Solomon Islands,979,1086,1104,973,1037,931,933,774,896,986,1144,1256,1390,1526,1555,1685,1924,2066,2161,2165,2045,2083,2144,2278,2224,2063,2072,2045,2078
706,Somalia,211,237,280,363,359,386,245,230,286,375,440,458,480,507,247,219,235,324,382,435,480,515,553,536,588,553,570,585,632
710,South Africa,3856,3618,3700,3310,3242,3218,2847,2688,4062,5221,5837,6077,6592,6185,6375,7973,8646,8077,7328,6852,6108,5651,6608,6911,6534,5586,6831,6497,5979
728,South Sudan,,,,,,,,,,,,,,,,,,825,1140,1330,561,303,348,375,412,393,395,419,
724,Spain,15345,15971,14598,15245,15551,14551,15208,16894,21302,24683,26235,28175,32341,35153,31854,30331,31465,28177,28920,29323,25612,26378,28020,30189,29394,26807,30285,29603,33462
144,Sri Lanka,871,922,979,999,973,992,937,988,1083,1177,1382,1601,1831,2304,2382,2808,3225,3328,3605,3830,3918,4017,4273,4246,3972,3743,3935,3336,3626
275,State of Palestine,1245,1241,1315,1373,1398,1369,1235,1070,1168,1325,1441,1467,1556,1909,2062,2410,2718,2896,3132,3168,3090,3325,3401,3356,3456,3064,3492,3602,3790
729,Sudan,,,,,,,,,,,,,,,,,,1687,1692,2011,2097,2173,2858,1093,771,733,732,744,1346
736,Sudan (...2011),430,274,327,341,326,387,451,506,580,705,906,1132,1444,1507,1382,1543,1842,,,,,,,,,,,,
740,Suriname,1965,2400,2518,2958,2393,2427,2098,2697,3076,3514,4223,5003,5530,6633,7253,8150,8226,9237,9519,9670,8814,5644,6050,6666,7024,6792,5386,5811,5964
752,Sweden,30285,33002,30314,30598,30942,29625,27248,29899,37321,42820,43436,46593,53699,56151,46946,52868,60755,58037,61125,60018,51544,51964,53791,54588,51938,52837,61416,56372,55963
756,Switzerland,50117,48092,41583,42678,41696,38865,39657,42494,49375,54700,56284,59052,65040,74234,71623,76523,90454,85814,87284,88708,83791,82138,82237,85197,84094,85874,93420,93086,99982
760,Syrian Arab Republic,926,1008,1049,1104,1097,1182,1232,1247,1166,1339,1509,1686,1928,2429,2462,2731,2941,2058,1247,1156,1039,694,882,1128,1276,825,548,828,613
762,Tajikistan,205,170,149,211,173,137,169,187,234,306,334,401,517,703,665,737,834,961,1053,1125,957,789,829,834,871,834,897,1030,1132
835,Tanganyika,,,,,,,,,,,,,,,,,,,,,,,,,,,,,
836,Zanzibar and Pemba Island,,,,,,,,,,,,,,,,,,,,,,,,,,,,,
764,Thailand,2864,3055,2473,1848,2033,2006,1890,2090,2348,2642,2868,3331,3919,4309,4135,4974,5374,5726,6018,5801,5689,5834,6413,7100,7606,6986,7048,6905,7217
626,Timor-Leste,,,,,,,,,535,474,487,465,540,628,687,813,939,1022,1204,1225,1324,1345,1277,1227,1558,1631,2683,2340,2130
768,Togo,377,397,392,360,351,290,281,314,380,396,438,492,607,716,718,704,783,762,826,854,750,773,793,851,826,848,934,890,958
776,Tonga,2084,2215,2135,1889,1932,1860,1616,1747,1981,2278,2471,2727,2842,3149,2987,3457,4083,4318,4114,4049,3801,3989,4379,4543,4807,4606,4473,4650,5173
780,Trinidad and Tobago,4343,4673,4638,4869,5467,6522,7032,7148,8932,10447,12518,14327,16808,21553,14763,16951,19383,19472,20323,20897,18911,16508,16634,16708,16012,14050,16466,20090,18829
788,Tunisia,2161,2314,2202,2285,2376,2199,2236,2321,2726,3067,3147,3323,3727,4255,4080,4092,4258,4188,4300,4428,4015,3848,3619,3628,3529,3553,3875,3811,4231
792,Turkiye,3822,4035,4162,4330,3969,4192,3046,3583,4638,5961,7303,7953,9630,10766,8960,10593,11302,11710,12536,12032,10802,10651,10339,9228,8915,8367,9458,10420,12675
795,Turkmenistan,523,558,618,649,859,1076,1445,1824,2318,2452,2805,3150,3527,4046,3708,4059,5144,6054,6600,7164,5800,5687,6181,6345,6752,6639,7873,9268,9320
796,Turks and Caicos Islands,12656,13575,14277,15406,16403,17055,18326,17804,18859,21246,24122,28734,29444,31454,24597,23094,23627,22634,22412,23996,25736,26946,25615,26785,27740,20831,23093,24839,26682
798,Tuvalu,1268,1337,1425,1374,1451,1450,1385,1614,1894,2203,2181,2277,2653,2907,2574,2958,3548,3402,3410,3422,3301,3775,4167,4469,5118,4977,5903,5909,6222
800,Uganda,346,341,357,333,306,282,285,290,297,345,399,425,508,596,792,948,852,898,664,1071,781,786,786,820,878,856,929,1020,1075
804,Ukraine,975,901,1023,861,654,653,800,903,1076,1401,1875,2366,3160,4018,2607,2928,3523,3804,3974,2904,1988,2047,2467,2895,3423,3505,4510,3910,4704
810,Union of Soviet Socialist Republics,,,,,,,,,,,,,,,,,,,,,,,,,,,,,
784,United Arab Emirates,27356,28693,28347,25215,26194,30256,28108,28116,30047,33813,39225,44922,46454,51308,39208,43265,50120,51301,51101,50275,42685,40888,42290,45689,44572,36987,42413,49508,47112
826,United Kingdom,23116,24353,26705,28206,28688,28201,27829,29991,34345,40246,41969,44365,50226,47231,38600,39448,41944,42324,43250,47247,44782,40810,40391,43015,42488,40055,46425,45308,48699
834,United Republic of Tanzania,243,295,342,363,362,370,367,372,391,419,449,481,541,670,682,723,759,852,958,1018,933,948,983,982,1023,1070,1116,1173,1228
840,United States,28485,29805,31366,32822,34547,36418,37224,38069,39518,41727,44094,46248,47953,48430,47003,48379,49664,51256,52734,54495,56098,57127,59036,61651,63712,62819,69361,75378,79623
858,Uruguay,6682,7066,7436,7837,7371,6988,6383,4150,3671,4169,5284,5952,7105,9196,9565,12139,14617,15800,17924,18021,16948,17010,19185,19208,18265,15789,18079,20989,23161
860,Uzbekistan,706,717,785,746,838,666,441,461,469,551,648,782,1005,1330,1513,1762,2099,2321,2462,2675,2803,2753,1951,1633,1829,1793,2033,2301,2510
548,Vanuatu,1631,1658,1634,1457,1456,1422,1335,1349,1566,1774,1874,2035,2379,2679,2621,2941,3254,3141,3151,3132,2855,2956,3160,3207,3221,3043,3177,3147,3357
862,Venezuela (Bolivarian Rep. of),3374,3012,3711,3870,4071,4776,4920,3652,3226,4269,5432,6739,8332,11250,11584,13668,10844,12901,12414,12001,11240,9355,8083,6815,5159,3723,3961,4583,
704,Viet Nam,288,337,362,361,376,404,419,445,497,616,711,847,1018,1343,1484,1683,1951,2185,2360,2546,2578,2735,2956,3222,3441,3534,3701,4101,4242
887,Yemen,355,421,436,393,457,554,556,588,632,707,836,969,1054,1210,1098,1155,1127,1128,1186,1099,797,583,556,782,370,261,242,288,212
886,"Yemen, Arab Republic",,,,,,,,,,,,,,,,,,,,,,,,,,,,,
720,"Yemen, Democratic",,,,,,,,,,,,,,,,,,,,,,,,,,,,,
890,"Yugoslavia, Soc. Fed. Rep. of",,,,,,,,,,,,,,,,,,,,,,,,,,,,,
894,Zambia,433,400,466,373,350,359,397,394,446,549,711,1052,1119,1376,1136,1451,1696,1666,1726,1679,1272,1217,1485,1464,1259,948,1128,1446,1340
716,Zimbabwe,1008,1207,1218,837,783,733,723,680,633,600,576,558,543,490,735,902,1037,1239,1362,1372,1386,1407,1488,1573,1480,1395,1527,1644,
